/*M!999999\- enable the sandbox mode */ 
-- MariaDB dump 10.19  Distrib 10.11.11-MariaDB, for Linux (x86_64)
--
-- Host: 127.0.07    Database: db_molduplastic
-- ------------------------------------------------------
-- Server version	10.11.11-MariaDB

/*!40101 SET @OLD_CHARACTER_SET_CLIENT=@@CHARACTER_SET_CLIENT */;
/*!40101 SET @OLD_CHARACTER_SET_RESULTS=@@CHARACTER_SET_RESULTS */;
/*!40101 SET @OLD_COLLATION_CONNECTION=@@COLLATION_CONNECTION */;
/*!40101 SET NAMES utf8mb4 */;
/*!40103 SET @OLD_TIME_ZONE=@@TIME_ZONE */;
/*!40103 SET TIME_ZONE='+00:00' */;
/*!40014 SET @OLD_UNIQUE_CHECKS=@@UNIQUE_CHECKS, UNIQUE_CHECKS=0 */;
/*!40014 SET @OLD_FOREIGN_KEY_CHECKS=@@FOREIGN_KEY_CHECKS, FOREIGN_KEY_CHECKS=0 */;
/*!40101 SET @OLD_SQL_MODE=@@SQL_MODE, SQL_MODE='NO_AUTO_VALUE_ON_ZERO' */;
/*!40111 SET @OLD_SQL_NOTES=@@SQL_NOTES, SQL_NOTES=0 */;

--
-- Table structure for table `aseguradoras`
--

DROP TABLE IF EXISTS `aseguradoras`;
/*!40101 SET @saved_cs_client     = @@character_set_client */;
/*!40101 SET character_set_client = utf8mb4 */;
CREATE TABLE `aseguradoras` (
  `id_aseguradora` int(11) NOT NULL AUTO_INCREMENT,
  `nombre` varchar(255) DEFAULT NULL,
  PRIMARY KEY (`id_aseguradora`)
) ENGINE=InnoDB AUTO_INCREMENT=6 DEFAULT CHARSET=utf8mb4 COLLATE=utf8mb4_general_ci;
/*!40101 SET character_set_client = @saved_cs_client */;

--
-- Dumping data for table `aseguradoras`
--

LOCK TABLES `aseguradoras` WRITE;
/*!40000 ALTER TABLE `aseguradoras` DISABLE KEYS */;
INSERT INTO `aseguradoras` VALUES
(1,'GNP'),
(2,'BBVA'),
(3,'HDI'),
(4,'General de Seguros'),
(5,'Inbursa');
/*!40000 ALTER TABLE `aseguradoras` ENABLE KEYS */;
UNLOCK TABLES;

--
-- Table structure for table `estatus`
--

DROP TABLE IF EXISTS `estatus`;
/*!40101 SET @saved_cs_client     = @@character_set_client */;
/*!40101 SET character_set_client = utf8mb4 */;
CREATE TABLE `estatus` (
  `id_estatus` int(11) NOT NULL AUTO_INCREMENT,
  `nombre` varchar(255) DEFAULT NULL,
  PRIMARY KEY (`id_estatus`)
) ENGINE=InnoDB AUTO_INCREMENT=13 DEFAULT CHARSET=utf8mb4 COLLATE=utf8mb4_general_ci;
/*!40101 SET character_set_client = @saved_cs_client */;

--
-- Dumping data for table `estatus`
--

LOCK TABLES `estatus` WRITE;
/*!40000 ALTER TABLE `estatus` DISABLE KEYS */;
INSERT INTO `estatus` VALUES
(1,'Recolectado'),
(2,'No recolectado'),
(3,'En recoleccion'),
(4,'Pendiente'),
(7,'En reparacion'),
(8,'Perdida total'),
(9,'Pago daños'),
(10,'Incidencia'),
(11,'Otros'),
(12,'Finalizada');
/*!40000 ALTER TABLE `estatus` ENABLE KEYS */;
UNLOCK TABLES;

--
-- Table structure for table `piezas`
--

DROP TABLE IF EXISTS `piezas`;
/*!40101 SET @saved_cs_client     = @@character_set_client */;
/*!40101 SET character_set_client = utf8mb4 */;
CREATE TABLE `piezas` (
  `id_pieza` int(11) NOT NULL AUTO_INCREMENT,
  `nombre` varchar(255) DEFAULT NULL,
  `id_siniestro` int(11) DEFAULT NULL,
  `id_estatus` int(11) DEFAULT NULL,
  `notas` varchar(200) DEFAULT NULL,
  `foto_incidencia` varchar(255) DEFAULT NULL,
  PRIMARY KEY (`id_pieza`),
  KEY `fk_siniestro` (`id_siniestro`),
  KEY `fk_estatus` (`id_estatus`),
  CONSTRAINT `fk_estatus` FOREIGN KEY (`id_estatus`) REFERENCES `estatus` (`id_estatus`),
  CONSTRAINT `fk_siniestro` FOREIGN KEY (`id_siniestro`) REFERENCES `siniestros` (`id_siniestro`)
) ENGINE=InnoDB AUTO_INCREMENT=2054 DEFAULT CHARSET=utf8mb4 COLLATE=utf8mb4_general_ci;
/*!40101 SET character_set_client = @saved_cs_client */;

--
-- Dumping data for table `piezas`
--

LOCK TABLES `piezas` WRITE;
/*!40000 ALTER TABLE `piezas` DISABLE KEYS */;
INSERT INTO `piezas` VALUES
(100,'REFLECTOR TRA.D.\r',200,1,'',NULL),
(101,'ABSORB.IMPACTO TRA.\r',200,1,NULL,NULL),
(102,'CERRAD.TAPA CAJUELA\r',200,1,'',NULL),
(103,'FACIA TRA.\r',200,7,NULL,NULL),
(104,'SOP.LAT.I.FACIA TRA.\r',200,1,'',NULL),
(105,'ESPEJO LATERAL D.\r',201,NULL,NULL,NULL),
(106,'CONJ.FACIA TRA.\r',202,NULL,NULL,NULL),
(107,'ESPEJO LATERAL D.\r',203,NULL,NULL,NULL),
(108,'SOP.I.INT.FACIA TRA.\r',204,NULL,NULL,NULL),
(109,'FACIA TRA.\r',204,NULL,NULL,NULL),
(110,'LODERA TRA.D.\r',204,NULL,NULL,NULL),
(111,'FARO D.CPL.\r',206,NULL,NULL,NULL),
(112,'PARRILLA\r',206,NULL,NULL,NULL),
(113,'GUARDAFANGO DEL.D\r',206,NULL,NULL,NULL),
(114,'ToT RIN DEL D\r',206,NULL,NULL,NULL),
(115,'MOLD.FARO ANTINIEB.D\r',206,NULL,NULL,NULL),
(116,'FACIA DEL.\r',206,NULL,NULL,NULL),
(117,'FARO ANTINIEBLA D.\r',206,NULL,NULL,NULL),
(118,'MOLD.CEN.FACIA DEL.\r',206,NULL,NULL,NULL),
(119,'DIAGNOSTICO AIR BAG\r',206,NULL,NULL,NULL),
(120,'ABSORB.IMPACTO DEL.\r',206,NULL,NULL,NULL),
(121,'SALPICADERA  D.\r',206,NULL,NULL,NULL),
(122,'SOP.D.FACIA DEL.\r',206,NULL,NULL,NULL),
(123,'TRAVESANO INF.\r',206,NULL,NULL,NULL),
(124,'FARO I.CPL.\r',206,NULL,NULL,NULL),
(125,'SOP.D.FACIA\r',207,NULL,NULL,NULL),
(126,'FACIA DEL.\r',207,NULL,NULL,NULL),
(127,'SALPICADERA D.\r',207,NULL,NULL,NULL),
(128,'FARO I.\r',207,NULL,NULL,NULL),
(129,'FARO D.\r',207,NULL,NULL,NULL),
(130,'REC.INF.D.FACIA DEL.\r',207,NULL,NULL,NULL),
(131,'ESPEJO LAT.D.CPL.\r',207,NULL,NULL,NULL),
(132,'SOP.I.FACIA\r',207,NULL,NULL,NULL),
(133,'PUERTA D.\r',209,NULL,NULL,NULL),
(134,'REVEST.POSTE B SP.D.\r',209,NULL,NULL,NULL),
(135,'MOLD.SUP.D.PLATAF.\r',209,NULL,NULL,NULL),
(136,'REF.INT.POSTE  B  D.\r',209,NULL,NULL,NULL),
(137,'MOLD.PUERTA DEL.D.\r',209,NULL,NULL,NULL),
(138,'GUIA CRISTAL PUER.D.\r',209,NULL,NULL,NULL),
(139,'CRISTAL LATERAL D.\r',209,NULL,NULL,NULL),
(140,'CRISTAL PUER.DEL.D.\r',209,NULL,NULL,NULL),
(141,'MOLD.CANTON.TRA.D.\r',211,NULL,NULL,NULL),
(142,'CALAVERA D.\r',212,NULL,NULL,NULL),
(143,'TAPA CAJUELA\r',212,NULL,NULL,NULL),
(144,'FACIA TRA.\r',212,NULL,NULL,NULL),
(145,'TOLVA ESCAPE\r',212,NULL,NULL,NULL),
(146,'ALMA FACIA TRA.\r',212,NULL,NULL,NULL),
(147,'REJILLA AIRE TRA.D.\r',212,NULL,NULL,NULL),
(148,'MOTOR LIMPIAMEDALLON\r',212,NULL,NULL,NULL),
(149,'PLUMA LIMPIAMEDALLON\r',212,NULL,NULL,NULL),
(150,'MARCO RADIADOR\r',212,NULL,NULL,NULL),
(151,'ABSORB.IMPAC.DEL.CEN\r',212,NULL,NULL,NULL),
(152,'SOP.LAT.D.FACIA DEL.\r',212,NULL,NULL,NULL),
(153,'DEFL.AIRE CEN.FAC.DL\r',212,NULL,NULL,NULL),
(154,'LUZ PLACA\r',212,NULL,NULL,NULL),
(155,'BRAZO LIMPIAMEDALLON\r',212,NULL,NULL,NULL),
(156,'MEDALLON\r',212,NULL,NULL,NULL),
(157,'ESPEJO LATERAL D.\r',213,NULL,NULL,NULL),
(158,'CARCASA ESPEJO LAT.D\r',213,NULL,NULL,NULL),
(159,'SPOILER FACIA TRA.\r',214,NULL,NULL,NULL),
(160,'ABSORBEDOR IMPACXTO\r',214,NULL,NULL,NULL),
(161,'PORTAFOC.LUZ PLAC.TR\r',214,NULL,NULL,NULL),
(162,'TOLVA ESCAPE\r',214,NULL,NULL,NULL),
(163,'REFLECTOR TRA.D.\r',214,NULL,NULL,NULL),
(164,'FACIA TRA.\r',214,NULL,NULL,NULL),
(165,'JGO.PEGAMEN.MEDALLON\r',215,NULL,NULL,NULL),
(166,'PARABRISAS\r',215,NULL,NULL,NULL),
(167,'ABSORBED IMPACTO DEL\r',216,NULL,NULL,NULL),
(168,'FARO I CPL\r',216,NULL,NULL,NULL),
(169,'EMBLEMA FABRICANTE\r',217,NULL,NULL,NULL),
(170,'PARRILLA\r',217,NULL,NULL,NULL),
(171,'SOP.INF.PARRILLA\r',217,NULL,NULL,NULL),
(172,'SOP.PARRILLA\r',217,NULL,NULL,NULL),
(173,'FARO I.\r',218,7,'',NULL),
(174,'REFUERZO DEL.CEN.\r',218,7,'',NULL),
(175,'SOP FRONT MARCO RAD\r',218,7,'',NULL),
(176,'JGO DE SENSORES\r',219,NULL,NULL,NULL),
(177,'REC.CEN.FACIA TRA.\r',219,NULL,NULL,NULL),
(178,'TAPA CAJUELA\r',219,NULL,NULL,NULL),
(179,'FACIA DEL.\r',220,NULL,NULL,NULL),
(180,'GUARDAFANGO D.\r',220,NULL,NULL,NULL),
(181,'FACIA TRA.\r',221,NULL,NULL,NULL),
(182,'MOLD CENT FACIA TR\r',221,NULL,NULL,NULL),
(183,'SOP.I.EXT.FACIA TRA.\r',221,NULL,NULL,NULL),
(184,'PUERTA DEL.I.\r',222,NULL,NULL,NULL),
(185,'SALPICADERA  I.\r',222,NULL,NULL,NULL),
(186,'PARABRISAS\r',215,NULL,NULL,NULL),
(187,'JGO.PEGAMEN.MEDALLON\r',215,NULL,NULL,NULL),
(188,'EMBLEMA FABRICANTE\r',217,NULL,NULL,NULL),
(189,'PARRILLA\r',217,NULL,NULL,NULL),
(190,'SOP.PARRILLA\r',217,NULL,NULL,NULL),
(191,'SOP.INF.PARRILLA\r',217,NULL,NULL,NULL),
(192,'PARABRISAS\r',225,10,NULL,NULL),
(193,'MOLD.SENSOR LLUVIA\r',225,1,NULL,NULL),
(194,'FARO I.\r',218,7,'',NULL),
(195,'SECC.DL.GUARDAF.DL.I\r',218,7,'',NULL),
(196,'REFUERZO DEL.CEN.\r',218,7,'',NULL),
(197,'SOP FRONT MARCO RAD\r',218,7,'',NULL),
(198,'MOLD.DEL.PUERTA D.\r',227,NULL,NULL,NULL),
(199,'MOLDURA SALPICAD.D.\r',227,NULL,NULL,NULL),
(200,'MOLD.EXT.PUER.TRA.D.\r',227,NULL,NULL,NULL),
(201,'MOLDURA PUERTA TRA.D\r',227,NULL,NULL,NULL),
(202,'MOLDURA COSTADO D.\r',227,NULL,NULL,NULL),
(203,'MOLD.SUP.PUER.DEL.D.\r',227,NULL,NULL,NULL),
(204,'BISAG.SUP.PUER.DEL.D\r',227,NULL,NULL,NULL),
(205,'BISAG.INF.PUER.DEL.D\r',227,NULL,NULL,NULL),
(206,'MOLDURA PUERTA DEL.D\r',227,NULL,NULL,NULL),
(207,'PUERTA TRA.D.\r',227,NULL,NULL,NULL),
(208,'MOLD.INF.PUERT.TRA.D\r',227,NULL,NULL,NULL),
(209,'MOLDURA PUERTA TRA.D\r',227,NULL,NULL,NULL),
(210,'MOLD.SUP.PUER.TRA.D.\r',227,NULL,NULL,NULL),
(211,'PUERTA DEL.D.\r',227,NULL,NULL,NULL),
(212,'ALMA FACIA DEL.\r',228,NULL,NULL,NULL),
(213,'CLIPS FACIA DEL\r',228,NULL,NULL,NULL),
(214,'CLIPS FACIA TRASERA\r',228,NULL,NULL,NULL),
(215,'EMBLEMA MODELO\r',228,NULL,NULL,NULL),
(216,'FACIA DEL.\r',228,NULL,NULL,NULL),
(217,'FACIA TRA.\r',228,NULL,NULL,NULL),
(218,'FARO I.CPL.\r',228,NULL,NULL,NULL),
(219,'GUARDAFANGO DEL.I.\r',228,NULL,NULL,NULL),
(220,'JGO.PEGAMEN.MEDALLON\r',228,NULL,NULL,NULL),
(221,'LIQUIDO REFRIGERANTE\r',228,NULL,NULL,NULL),
(222,'MOLDURA COSTADO I.\r',228,NULL,NULL,NULL),
(223,'MOLDURA SALPICAD.D.\r',228,NULL,NULL,NULL),
(224,'MOLDURA SALPICAD.I.\r',228,NULL,NULL,NULL),
(225,'PARRILLA\r',228,NULL,NULL,NULL),
(226,'RADIADOR CPL.\r',228,NULL,NULL,NULL),
(227,'REC.INF.FACIA TRA.\r',228,NULL,NULL,NULL),
(228,'SPOILER FRONTAL INF.\r',228,NULL,NULL,NULL),
(229,'TAPA CAJUELA\r',228,NULL,NULL,NULL),
(230,'TOLVA ESCAPE\r',228,NULL,NULL,NULL),
(231,'GUARDAFANGO TRA.I.\r',229,NULL,NULL,NULL),
(232,'REC.INF.PUER.DEL.I.\r',229,NULL,NULL,NULL),
(233,'REC.SALPICADERA I.\r',229,NULL,NULL,NULL),
(234,'RIN DEL.I.\r',229,NULL,NULL,NULL),
(235,'VALV.PRES.LLANT.DL.I\r',229,NULL,NULL,NULL),
(236,'ABSORB.IMPACTO DEL.\r',230,1,'',NULL),
(237,'ACEITE CJA.CAMBIO\r',230,1,'',NULL),
(238,'BASE INF.I.FARO\r',230,1,'',NULL),
(239,'BIELETA ESTAB.I\r',230,1,'',NULL),
(240,'BOCINA TONO AGUDO\r',230,1,'',NULL),
(241,'BOCINA TONO GRAVE\r',230,1,'',NULL),
(242,'CARTON CANAL AIRE I.\r',230,1,'',NULL),
(243,'CONDENSADOR\r',230,1,'',NULL),
(244,'DEPOSITO LIMPIADORES\r',230,1,'',NULL),
(245,'FACIA DEL.\r',230,1,'',NULL),
(246,'FARO I.CPL.\r',230,1,'',NULL),
(247,'GUARDAFANGO DEL.I.\r',230,1,'',NULL),
(248,'JUNTA DEL.EXT.D.\r',230,1,'',NULL),
(249,'JUNTA DEL.EXT.I.\r',230,1,'',NULL),
(250,'JUNTA DEL.I.\r',230,1,'',NULL),
(251,'MARCO RADIADOR\r',230,1,'',NULL),
(252,'MOLD.CANTONERA DEL.I\r',230,1,'',NULL),
(253,'MOLD.INF.FACIA DEL.\r',230,1,'',NULL),
(254,'MOLD.SENS.ESTAC.CN.D\r',230,1,'',NULL),
(255,'MOLD.SENS.ESTAC.CN.I\r',230,1,'',NULL),
(256,'MOTOVENTILADOR CPL.\r',230,1,'',NULL),
(257,'PROTECC.MOTOR\r',230,1,'',NULL),
(258,'RADIADOR\r',230,1,'',NULL),
(259,'RADIADOR ADICIONAL\r',230,1,'',NULL),
(260,'REC.SUP.PARRILLA\r',230,1,'',NULL),
(261,'REJI.INF.FACIA DEL.\r',230,1,'',NULL),
(500,'REJILLA INF.D.\r',230,1,'',NULL),
(501,'REJILLA INF.I.\r',230,1,'',NULL),
(502,'SELLADOR CARTER\r',230,1,'',NULL),
(503,'SENS.DL.EXT.D.ESTAC.\r',230,1,'',NULL),
(504,'SENS.DL.EXT.I.ESTAC.\r',230,1,'',NULL),
(505,'SENS.ESTAC.ASI.LAT.I\r',230,1,'',NULL),
(506,'SENSOR RADAR DEL.\r',230,1,'',NULL),
(507,'SOP SENSOR DL INT D\r',230,1,'',NULL),
(508,'SOP SENSOR DL INT I\r',230,1,'',NULL),
(509,'SOP.BOCINA CLAXON D.\r',230,1,'',NULL),
(510,'SOP.BOCINA CLAXON I.\r',230,1,'',NULL),
(511,'SOP.EXT.I.FACIA DEL.\r',230,1,'',NULL),
(512,'SOP.FACIA DL.INF.\r',230,1,'',NULL),
(513,'SOP.INF.D.RADIADOR\r',230,1,'',NULL),
(514,'SOP.INF.I.RADIADOR\r',230,1,'',NULL),
(515,'SOP.SENSOR DEL.I.\r',230,1,'',NULL),
(516,'SOP.SUP.D.RADIADOR\r',230,1,'',NULL),
(517,'SOP.SUP.I.RADIADOR\r',230,1,'',NULL),
(518,'SPOILER FACIA DEL.\r',230,1,'',NULL),
(519,'TAPA CANAL AIRE\r',230,1,'',NULL),
(520,'TAPA DEFLECTOR AIRE\r',230,1,'',NULL),
(521,'TOMA AIRE\r',230,1,'',NULL),
(522,'MEDALLON\r',231,7,NULL,NULL),
(523,'HILO CORTAR\r',232,NULL,NULL,NULL),
(524,'JGO.PEGAMENT.PARAB.\r',232,NULL,NULL,NULL),
(525,'PARABRISAS\r',232,NULL,NULL,NULL),
(526,'PEGAM.PRIMER PARAB.\r',232,NULL,NULL,NULL),
(527,'ALMA FACIA TRA.\r',233,1,'',NULL),
(528,'CALAVERA D.\r',233,1,'',NULL),
(529,'CALAVERA I.\r',233,1,'',NULL),
(530,'CERRAD.TAPA CAJUELA\r',233,1,'',NULL),
(531,'EMBL.FABRICANTE TRA.\r',233,1,'',NULL),
(532,'EMBLEMA TRA.\r',233,1,'',NULL),
(533,'FACIA INF.TRA.\r',233,1,'',NULL),
(534,'FACIA TRA.\r',233,1,'',NULL),
(535,'GUIA D.FACIA TRA.\r',233,1,'',NULL),
(536,'JUNTA TAPA CAJUELA\r',233,1,'',NULL),
(537,'MOLD.SOP.FACIA TRA.\r',233,1,'',NULL),
(538,'MOLD.TAPA CAJUELA\r',233,1,'',NULL),
(539,'MOLDU.CEN.FACIA TRA.\r',233,1,'',NULL),
(540,'MOLDU.D.FACIA TRA.\r',233,1,'',NULL),
(541,'MOLDURA I.FACIA TRA.\r',233,1,'',NULL),
(542,'PERNO CERRAD.TRA.\r',233,1,'',NULL),
(543,'REC.CERRADURA\r',233,1,'',NULL),
(544,'REFLECTOR TRA.D.\r',233,1,'',NULL),
(545,'REVEST.TAPA CAJUELA\r',233,1,'',NULL),
(546,'SOP.LAT.D.FACIA TRA.\r',233,1,'',NULL),
(547,'TAPA CAJUELA\r',233,1,'',NULL),
(548,'TAPA CALAV DER\r',233,1,'',NULL),
(549,'TAPA ENG.REMOLQ.TRA.\r',233,1,'',NULL),
(550,'ALMA FACIA DEL.\r',234,NULL,NULL,NULL),
(551,'COFRE\r',234,NULL,NULL,NULL),
(552,'DEFLEC.AIRE I.RADIAD\r',234,NULL,NULL,NULL),
(553,'EMBLEMA VW DEL.\r',234,NULL,NULL,NULL),
(554,'FACIA DEL.\r',234,NULL,NULL,NULL),
(555,'FACIA DEL.INF.\r',234,NULL,NULL,NULL),
(556,'FARO I.CPL.\r',234,NULL,NULL,NULL),
(557,'GUARDAFANGO DEL.I.\r',234,NULL,NULL,NULL),
(558,'GUIA CEN.FACIA DEL.\r',234,NULL,NULL,NULL),
(559,'MARCO RADIADOR\r',234,NULL,NULL,NULL),
(560,'MOLD.CROM.CEN.FACIA\r',234,NULL,NULL,NULL),
(561,'MOLD.EXT.I.FACIA DEL\r',234,NULL,NULL,NULL),
(562,'MOLDURA I.FACIA DEL.\r',234,NULL,NULL,NULL),
(563,'PARRILLA\r',234,NULL,NULL,NULL),
(564,'REC.INF.RADIADOR\r',234,NULL,NULL,NULL),
(565,'REC.SALPICADERA I.\r',234,NULL,NULL,NULL),
(566,'REF.FACIA DEL.\r',234,NULL,NULL,NULL),
(567,'SENS.DL.CEN.ESTAC.AS\r',234,NULL,NULL,NULL),
(568,'SENS.DL.I.PROT.PEAT.\r',234,NULL,NULL,NULL),
(569,'SENSOR TEMP.AMBIENTE\r',234,NULL,NULL,NULL),
(570,'SOP ALMA FACIA DEL.\r',234,NULL,NULL,NULL),
(571,'SOP.LAT.D.FACIA DEL.\r',234,NULL,NULL,NULL),
(572,'SOP.LAT.I.FACIA DEL.\r',234,NULL,NULL,NULL),
(573,'SOP.SUP.D.RADIADOR\r',234,NULL,NULL,NULL),
(574,'SOP.SUP.I.RADIADOR\r',234,NULL,NULL,NULL),
(575,'SPOILER FACIA DEL.\r',234,NULL,NULL,NULL),
(576,'BASE FARO ANTINIEB.I\r',235,7,NULL,NULL),
(577,'BASE INF.I.FARO\r',235,8,NULL,NULL),
(578,'DEFL.AIRE I.FACIA DL\r',235,1,NULL,NULL),
(579,'DEPOSITO LIMPIADORES\r',235,1,NULL,NULL),
(580,'FACIA DEL.\r',235,9,NULL,NULL),
(581,'FARO ANTINIEBLA I.\r',235,7,NULL,NULL),
(582,'MOLD.CANTONERA DEL.I\r',235,1,NULL,NULL),
(583,'MOLD.CANTONERA DEL.I\r',235,1,NULL,NULL),
(584,'MOLDURA PARRILLA\r',235,1,NULL,NULL),
(585,'PARRILLA\r',235,10,NULL,NULL),
(586,'REJI.INF.FACIA DEL.\r',235,1,NULL,NULL),
(587,'REJIL.VENTIL.INT.I.\r',235,8,NULL,NULL),
(588,'REJILLA I.FACIA DEL.\r',235,1,NULL,NULL),
(589,'SENS.DL.EXT.I.ESTAC.\r',235,1,NULL,NULL),
(590,'SENS.ESTAC.ASI.LAT.I\r',235,1,NULL,NULL),
(591,'SOP.INT.I.FACIA DEL.\r',235,1,NULL,NULL),
(592,'SOP.SENSOR DEL.I.\r',235,1,NULL,NULL),
(593,'SPOILER DEL.I.\r',235,1,NULL,NULL),
(594,'SPOILER FACIA DEL.\r',235,11,'El taller se encontraba cerrado',NULL),
(595,'SPOILER INF.FACIA DL\r',235,10,NULL,NULL),
(596,'TORNILLO I.\r',235,1,NULL,NULL),
(597,'CALAVERA D.CPL.\r',236,NULL,NULL,NULL),
(598,'FACIA TRA.\r',236,NULL,NULL,NULL),
(599,'PARABRISAS\r',237,11,'No se encontró esta pieza para recolección, se reporta al taller',NULL),
(600,'LLANTA DEL.D.\r',238,NULL,NULL,NULL),
(601,'AMORTIG.DEL.I.CPL.\r',238,NULL,NULL,NULL),
(602,'BRAZO SUSP.DEL.D.\r',238,NULL,NULL,NULL),
(603,'SOP.BRAZO SUSP.I.\r',238,NULL,NULL,NULL),
(604,'SOP.BRAZO SUSP.D.\r',238,NULL,NULL,NULL),
(605,'AMORTIG.DEL.D.CPL.\r',238,NULL,NULL,NULL),
(606,'BRAZO SUSP.DEL.I.\r',238,NULL,NULL,NULL),
(607,'LLANTA DEL.I.\r',238,NULL,NULL,NULL),
(608,'VALV.PRES.LLANT.DL.D\r',238,NULL,NULL,NULL),
(609,'VALV.PRES.LLANT.DL.I\r',238,NULL,NULL,NULL),
(610,'COJIN APOYO DEL.I.\r',238,NULL,NULL,NULL),
(611,'COJIN APOYO DEL.D.\r',238,NULL,NULL,NULL),
(612,'LLANTA DEL.I.\r',239,NULL,NULL,NULL),
(613,'VALV.PRES.LLANT.DL.I\r',239,NULL,NULL,NULL),
(614,'VALV.PRES.LLANT.DL.I\r',240,NULL,NULL,NULL),
(615,'LLANTA DEL.I.\r',240,NULL,NULL,NULL),
(616,'RIN DEL.I.\r',240,NULL,NULL,NULL),
(617,'LLANTA DEL.I.\r',241,NULL,NULL,NULL),
(618,'10 PLOMOS\r',241,NULL,NULL,NULL),
(619,'VALV.PRES.LLANT.DL.I\r',241,NULL,NULL,NULL),
(620,'LLANTA TRA.I.\r',242,1,'',NULL),
(621,'VALV.PRES.LLANT.TR.I\r',242,1,'',NULL),
(622,'TIRA DE PLOMOS\r',242,1,'',NULL),
(623,'LLANTA DEL.I.\r',242,1,'',NULL),
(624,'VALV.PRES.LLANT.DL.I\r',242,1,'',NULL),
(625,'LLANTA DEL.D.\r',243,1,'',NULL),
(626,'tira de plomos\r',243,1,'',NULL),
(627,'VALV.PRES.LLANT.DL.D\r',243,1,'',NULL),
(628,'LLANTA DEL.I.\r',244,NULL,NULL,NULL),
(629,'VALV.PRES.LLANT.DL.I\r',244,NULL,NULL,NULL),
(630,'TIRA DE PLOMOS\r',244,NULL,NULL,NULL),
(631,'MODULO DBC\r',245,NULL,NULL,NULL),
(632,'ACEITE CJA.CAMBIO\r',245,NULL,NULL,NULL),
(633,'ACEITE MOTOR\r',245,NULL,NULL,NULL),
(634,'MARCHA\r',245,NULL,NULL,NULL),
(635,'CARTUCHO FILTRO AIRE\r',245,NULL,NULL,NULL),
(636,'eliminador olores\r',245,NULL,NULL,NULL),
(637,'ALFOMB.PISO TR.CEN.\r',245,NULL,NULL,NULL),
(638,'ALFOMBRA DEL.PISO\r',245,NULL,NULL,NULL),
(639,'BOCINA ASIEN.DEL.D.\r',245,NULL,NULL,NULL),
(640,'BOCINA ASIEN.DEL.I.\r',245,NULL,NULL,NULL),
(641,'CARTUCHO FILT.ACEITE\r',245,NULL,NULL,NULL),
(642,'TUBO VENTIL.DEL.I.\r',246,NULL,NULL,NULL),
(643,'REMACHE CIEGO\r',246,NULL,NULL,NULL),
(644,'CONVERT.ULTRASON.I.\r',246,NULL,NULL,NULL),
(645,'TAPA I FACIA DL\r',246,NULL,NULL,NULL),
(646,'GUARDAF.DL.I.SECC.TR\r',246,NULL,NULL,NULL),
(647,'SPOILER DEL.I.\r',246,NULL,NULL,NULL),
(648,'BASE FARO ANTINIEB.I\r',246,NULL,NULL,NULL),
(649,'MODUL LED INTERMIT I\r',246,NULL,NULL,NULL),
(650,'TAPA ESTAC.ASIS.DL.I\r',246,NULL,NULL,NULL),
(651,'FARO I.\r',246,NULL,NULL,NULL),
(652,'REGUL LUZ FRONTAL I\r',246,NULL,NULL,NULL),
(653,'DEFLECTOR AIRE SUP.\r',246,NULL,NULL,NULL),
(654,'DEFLEC.AIRE SUP.DEL.\r',246,NULL,NULL,NULL),
(655,'BASE FARO I.\r',246,NULL,NULL,NULL),
(656,'MOLD.POSTE A I.\r',246,NULL,NULL,NULL),
(657,'PUERTA DEL.I.\r',246,NULL,NULL,NULL),
(658,'JUNTA PUERTA DEL.I.\r',246,NULL,NULL,NULL),
(659,'BRAZO SUSP.DEL.I.\r',246,NULL,NULL,NULL),
(660,'AMORTIG.DEL.I.CPL.\r',246,NULL,NULL,NULL),
(661,'PALANCA REG.ALT.I.\r',246,NULL,NULL,NULL),
(662,'RIN ALEACION DEL.I.\r',246,NULL,NULL,NULL),
(663,'VALV.PRES.LLANT.DL.I\r',246,NULL,NULL,NULL),
(664,'TAPON DEL.I.\r',246,NULL,NULL,NULL),
(665,'SOP.DL.INF.LATER.I.\r',246,NULL,NULL,NULL),
(666,'REGULADOR FARO I.\r',246,NULL,NULL,NULL),
(667,'MODUL LED LUZ DIA I\r',246,NULL,NULL,NULL),
(668,'DUCTO AIRE DEL.I.\r',246,NULL,NULL,NULL),
(669,'EMISOR ULTRAS.INT.I.\r',246,NULL,NULL,NULL),
(670,'SALPICADERA I.\r',246,NULL,NULL,NULL),
(671,'EMBLEMA LAT.DEL.I.\r',246,NULL,NULL,NULL),
(672,'SOP.MOLD.RODAM.DL.I.\r',246,NULL,NULL,NULL),
(673,'TAPA I.CAJA RUEDA\r',246,NULL,NULL,NULL),
(674,'GUARDAF.DL.I.SECC.DL\r',246,NULL,NULL,NULL),
(675,'SOP.CEN.SALPIC.I.\r',246,NULL,NULL,NULL),
(676,'MODUL LED LUZ DIA I\r',246,NULL,NULL,NULL),
(677,'SOP.DL.SUP.LATER.I.\r',246,NULL,NULL,NULL),
(678,'BOCINA TONO AGUDO\r',246,NULL,NULL,NULL),
(679,'LLANTA DEL.I.\r',246,NULL,NULL,NULL),
(680,'TIRANTE SUJEC.I.\r',246,NULL,NULL,NULL),
(681,'ROTULA I.DIRECC.\r',246,NULL,NULL,NULL),
(682,'BRAZO SUSP.INF.TRA.I\r',246,NULL,NULL,NULL),
(683,'TAPON TRA.I.\r',246,NULL,NULL,NULL),
(684,'LLANTA TRA.I.\r',246,NULL,NULL,NULL),
(685,'10 PLOMOS\r',246,NULL,NULL,NULL),
(686,'MOLD CANAL AIRE DL I\r',246,NULL,NULL,NULL),
(687,'COB.REJ.FACIA DL.I.\r',246,NULL,NULL,NULL),
(688,'MOLD.CANTONERA DEL.I\r',246,NULL,NULL,NULL),
(689,'SOP.I.FACIA DEL.\r',246,NULL,NULL,NULL),
(690,'FACIA DEL.\r',246,NULL,NULL,NULL),
(691,'REJ.VENTIL.I.FACIA\r',246,NULL,NULL,NULL),
(692,'SOP.LAT.I.FACIA DEL.\r',246,NULL,NULL,NULL),
(693,'ALMA FACIA DEL.\r',246,NULL,NULL,NULL),
(694,'ABSORB.IMPACTO DL.SP\r',246,NULL,NULL,NULL),
(695,'BOCINA ASIEN.DEL.I.\r',247,NULL,NULL,NULL),
(696,'BOCINA ASIEN.DEL.D.\r',247,NULL,NULL,NULL),
(697,'MODULO BDC\r',247,NULL,NULL,NULL),
(698,'TAPETES\r',247,NULL,NULL,NULL),
(699,'LIQUIDO REFRIGERANTE\r',247,NULL,NULL,NULL),
(700,'REGUL.BOLSA AIRE\r',247,NULL,NULL,NULL),
(701,'BOCINA TRA.I.\r',247,NULL,NULL,NULL),
(702,'BOCINA TRA.D.\r',247,NULL,NULL,NULL),
(703,'CARTUCHO FILT.ACEITE\r',247,NULL,NULL,NULL),
(704,'CARTUCHO FILTRO AIRE\r',247,NULL,NULL,NULL),
(705,'CONTROL CAMBIO\r',247,NULL,NULL,NULL),
(706,'ACEITE MOTOR\r',247,NULL,NULL,NULL),
(707,'FARO I.\r',247,NULL,NULL,NULL),
(708,'FARO D.\r',247,NULL,NULL,NULL),
(709,'LEVANTACRISTALES I.\r',247,NULL,NULL,NULL),
(710,'LEVANTACRISTALES D.\r',247,NULL,NULL,NULL),
(711,'BOCINA DEL.INF.I.\r',247,NULL,NULL,NULL),
(712,'ALFOMBRA DE PISO\r',247,NULL,NULL,NULL),
(713,'BOCINA DEL.INF.D.\r',247,NULL,NULL,NULL),
(714,'plomos para valanceo\r',248,NULL,NULL,NULL),
(715,'LLANTA DEL.I.\r',248,NULL,NULL,NULL),
(716,'RIN DEL.I.\r',248,NULL,NULL,NULL),
(717,'AMORTIGUADOR DEL.I.\r',248,NULL,NULL,NULL),
(718,'VALV.PRES.LLANT.DL.I\r',248,NULL,NULL,NULL),
(719,'BRAZO SUSP.DEL.I.\r',249,NULL,NULL,NULL),
(720,'FLECHA MOTRIZ I.\r',249,NULL,NULL,NULL),
(721,'AMORTIG.DEL.I.CPL.\r',249,NULL,NULL,NULL),
(722,'R RIN DEL I\r',249,NULL,NULL,NULL),
(723,'10 PLOMOS\r',249,NULL,NULL,NULL),
(724,'SOP.BRAZO SUSP.I.\r',249,NULL,NULL,NULL),
(725,'LLANTA DEL.I.\r',249,NULL,NULL,NULL),
(726,'GOMA TOPE DEL.I.\r',249,NULL,NULL,NULL),
(727,'ANILLO REC DL I\r',249,NULL,NULL,NULL),
(728,'ACOP.RESOR.DEL.INF.I\r',249,NULL,NULL,NULL),
(729,'COJIN APOYO DEL.I.\r',249,NULL,NULL,NULL),
(730,'BIELETA I.DIRECCION\r',249,NULL,NULL,NULL),
(731,'REMACHE I.\r',250,NULL,NULL,NULL),
(732,'KIT REMACHES FACIA D\r',251,NULL,NULL,NULL),
(733,'REJ.VENTIL.I.FACIA\r',251,NULL,NULL,NULL),
(734,'PARRILLA\r',252,NULL,NULL,NULL),
(735,'FARO I.\r',252,NULL,NULL,NULL),
(736,'FARO D.\r',252,NULL,NULL,NULL),
(737,'REC.DEL.COMPAR.MOTOR\r',252,NULL,NULL,NULL),
(738,'TAPA VENTIL DL SUP\r',252,NULL,NULL,NULL),
(739,'CONEXION DL SUP\r',252,NULL,NULL,NULL),
(740,'TIRANTE DE UNION\r',252,NULL,NULL,NULL),
(741,'REGUL LUZ FRONTAL I\r',252,NULL,NULL,NULL),
(742,'MODULO LED FARO IZQ\r',252,NULL,NULL,NULL),
(743,'ABSORBED.IMPACTO DEL\r',252,NULL,NULL,NULL),
(744,'REC.ESP.LATERAL I.\r',253,NULL,NULL,NULL),
(745,'BASE ESPEJO LATER.I.\r',253,NULL,NULL,NULL),
(746,'SALPICADERA I.\r',253,NULL,NULL,NULL),
(747,'LLANTA TRA.I.\r',254,NULL,NULL,NULL),
(748,'VALV.PRES.LLANT.TR.D\r',254,NULL,NULL,NULL),
(749,'VALV.PRES.LLANT.TR.I\r',254,NULL,NULL,NULL),
(750,'RIN ALEACION TRA.D.\r',254,NULL,NULL,NULL),
(751,'VALV.PRES.LLANT.DL.D\r',254,NULL,NULL,NULL),
(752,'RIN ALEACION DEL.D.\r',254,NULL,NULL,NULL),
(753,'LLANTA DEL.D.\r',254,NULL,NULL,NULL),
(754,'RIN ALEACION TRA.I.\r',254,NULL,NULL,NULL),
(755,'CONTRAPESOS\r',254,NULL,NULL,NULL),
(756,'LLANTA TRA.D.\r',254,NULL,NULL,NULL),
(757,'R RIN TRA D\r',255,NULL,NULL,NULL),
(758,'R RIN DEL D\r',255,NULL,NULL,NULL),
(759,'LLANTA TRA.D.\r',255,NULL,NULL,NULL),
(760,'LLANTA DEL.D.\r',255,NULL,NULL,NULL),
(761,'LLANTA DEL.D.\r',243,1,'',NULL),
(762,'VALV.PRES.LLANT.DL.D\r',243,1,'',NULL),
(763,'tira de plomos\r',243,1,'',NULL),
(764,'10 PLOMOS\r',257,NULL,NULL,NULL),
(765,'LLANTA DEL.D.\r',257,NULL,NULL,NULL),
(766,'VALV.PRES.LLANT.DL.D\r',257,NULL,NULL,NULL),
(767,'CRISTAL PUE.TRA.D.\r',258,NULL,NULL,NULL),
(768,'VALV.PRES.LLANT.DL.I\r',244,NULL,NULL,NULL),
(769,'LLANTA DEL.I.\r',244,NULL,NULL,NULL),
(770,'TIRA DE PLOMOS\r',244,NULL,NULL,NULL),
(771,'CORTINA INT TRASERA\r',260,NULL,NULL,NULL),
(772,'TAPA QUEMACOCOS TRA.\r',260,NULL,NULL,NULL),
(773,'TIRA DE PLOMOS\r',300,NULL,NULL,NULL),
(774,'VALV.PRES.LLANT.DL.I\r',300,NULL,NULL,NULL),
(775,'LLANTA DEL.I.\r',300,NULL,NULL,NULL),
(776,'LEVANTACRISTALES I.\r',247,NULL,NULL,NULL),
(777,'BOCINA ASIEN.DEL.I.\r',247,NULL,NULL,NULL),
(778,'FARO I.\r',247,NULL,NULL,NULL),
(779,'FARO D.\r',247,NULL,NULL,NULL),
(780,'BOCINA DEL.INF.I.\r',247,NULL,NULL,NULL),
(781,'BOCINA TRA.I.\r',247,NULL,NULL,NULL),
(782,'BOCINA DEL.INF.D.\r',247,NULL,NULL,NULL),
(783,'BOCINA ASIEN.DEL.D.\r',247,NULL,NULL,NULL),
(784,'ALFOMBRA DE PISO\r',247,NULL,NULL,NULL),
(785,'BOCINA TRA.D.\r',247,NULL,NULL,NULL),
(786,'REGUL.BOLSA AIRE\r',247,NULL,NULL,NULL),
(787,'CARTUCHO FILT.ACEITE\r',247,NULL,NULL,NULL),
(788,'CARTUCHO FILTRO AIRE\r',247,NULL,NULL,NULL),
(789,'CONTROL CAMBIO\r',247,NULL,NULL,NULL),
(790,'ACEITE MOTOR\r',247,NULL,NULL,NULL),
(791,'LIQUIDO REFRIGERANTE\r',247,NULL,NULL,NULL),
(792,'MODULO BDC\r',247,NULL,NULL,NULL),
(793,'TAPETES\r',247,NULL,NULL,NULL),
(794,'LEVANTACRISTALES D.\r',247,NULL,NULL,NULL),
(795,'ALMA FACIA TRA.\r',302,NULL,NULL,NULL),
(796,'MOLD.CALAVERA D.\r',302,NULL,NULL,NULL),
(797,'JGO.SOP.SENSOR TRA.\r',302,NULL,NULL,NULL),
(798,'GUIA D.FACIA TRA.\r',302,NULL,NULL,NULL),
(799,'GUIA CEN.FACIA TRA.\r',302,NULL,NULL,NULL),
(800,'JTA.ANILLO TR.CEN.I.\r',302,NULL,NULL,NULL),
(801,'FOCO LUZ PLACA I.\r',302,NULL,NULL,NULL),
(802,'FOCO LUZ PLACA D.\r',302,NULL,NULL,NULL),
(803,'AHDESIVO SENSORES\r',302,NULL,NULL,NULL),
(804,'SEN.ALARM.TRA.INT.I.\r',302,NULL,NULL,NULL),
(805,'SEN.ALARM.TRA.INT.D.\r',302,NULL,NULL,NULL),
(806,'JTA.ANILLO TR.CEN.D.\r',302,NULL,NULL,NULL),
(807,'REVEST.INF.FACIA TRA\r',302,NULL,NULL,NULL),
(808,'TAPA CAJUELA\r',302,NULL,NULL,NULL),
(809,'EMBLEMA TRA.\r',302,NULL,NULL,NULL),
(810,'JGO.PEGAMEN.MEDALLON\r',302,NULL,NULL,NULL),
(811,'TOPE MEDALLON\r',302,NULL,NULL,NULL),
(812,'FACIA TRA.\r',302,NULL,NULL,NULL),
(813,'ESPEJO ELECTRONICO D\r',303,NULL,NULL,NULL),
(814,'ESPEJO ELECTRONICO I\r',303,NULL,NULL,NULL),
(815,'MOTOR.ESP.RETROV.I.\r',303,NULL,NULL,NULL),
(816,'ESPEJO LATERAL D.\r',303,NULL,NULL,NULL),
(817,'ESPEJO LATERAL I.\r',303,NULL,NULL,NULL),
(818,'CRIST.ESP.LATER.D.\r',303,NULL,NULL,NULL),
(819,'REC.INF.ESP.LATER.I.\r',303,NULL,NULL,NULL),
(820,'MOTOR.ESP.RETROV.D.\r',303,NULL,NULL,NULL),
(821,'MARCO ESP.LATER.D.\r',303,NULL,NULL,NULL),
(822,'BRAZO SUSP.DEL.D.\r',238,NULL,NULL,NULL),
(823,'SOP.BRAZO SUSP.I.\r',238,NULL,NULL,NULL),
(824,'BRAZO SUSP.DEL.I.\r',238,NULL,NULL,NULL),
(825,'AMORTIG.DEL.D.CPL.\r',238,NULL,NULL,NULL),
(826,'LLANTA DEL.D.\r',238,NULL,NULL,NULL),
(827,'LLANTA DEL.I.\r',238,NULL,NULL,NULL),
(828,'VALV.PRES.LLANT.DL.D\r',238,NULL,NULL,NULL),
(829,'VALV.PRES.LLANT.DL.I\r',238,NULL,NULL,NULL),
(830,'COJIN APOYO DEL.D.\r',238,NULL,NULL,NULL),
(831,'COJIN APOYO DEL.I.\r',238,NULL,NULL,NULL),
(832,'AMORTIG.DEL.I.CPL.\r',238,NULL,NULL,NULL),
(833,'SOP.BRAZO SUSP.D.\r',238,NULL,NULL,NULL),
(834,'REC.ESPEJO LATER.D.\r',305,NULL,NULL,NULL),
(835,'CRIST.ESP.LATER.D.\r',305,NULL,NULL,NULL),
(836,'CRIST.ESP.LATER.I.\r',305,NULL,NULL,NULL),
(837,'ESPEJO LATERAL D.\r',305,NULL,NULL,NULL),
(838,'KIT DE REPARACION\r',305,NULL,NULL,NULL),
(839,'REC.ESPEJO LATER.I.\r',305,NULL,NULL,NULL),
(840,'TORNILLO I.\r',305,NULL,NULL,NULL),
(841,'TORNILLO D.\r',305,NULL,NULL,NULL),
(842,'ESPEJO LATERAL I.\r',305,NULL,NULL,NULL),
(843,'REC.ESPEJO LATER.I.\r',306,NULL,NULL,NULL),
(844,'REC.ESPEJO LATER.D.\r',306,NULL,NULL,NULL),
(845,'RIN DEL.I.\r',240,NULL,NULL,NULL),
(846,'VALV.PRES.LLANT.DL.I\r',240,NULL,NULL,NULL),
(847,'LLANTA DEL.I.\r',240,NULL,NULL,NULL),
(848,'KIT REMACHES FACIA D\r',251,NULL,NULL,NULL),
(849,'REJ.VENTIL.I.FACIA\r',251,NULL,NULL,NULL),
(850,'EMISOR ULTRAS.INT.D.\r',309,NULL,NULL,NULL),
(851,'EMISOR ULTRAS.INT.I.\r',309,NULL,NULL,NULL),
(852,'REF.CEN.FACIA TRA.\r',309,NULL,NULL,NULL),
(853,'DIFUSOR INF.FACIA TR\r',309,NULL,NULL,NULL),
(854,'SOP.SENS.TRA.INT.I.\r',309,NULL,NULL,NULL),
(855,'REVEST.INF.FACIA\r',309,NULL,NULL,NULL),
(856,'JGO.SOP.SENSOR TRA.\r',309,NULL,NULL,NULL),
(857,'SOP.SENS.TRA.INT.D.\r',309,NULL,NULL,NULL),
(858,'MOLD.CEN.FACIA TRA.\r',309,NULL,NULL,NULL),
(859,'tira de plomos\r',243,1,'',NULL),
(860,'VALV.PRES.LLANT.DL.D\r',243,1,'',NULL),
(861,'LLANTA DEL.D.\r',243,1,'',NULL),
(862,'CRISTAL PUE.TRA.D.\r',258,NULL,NULL,NULL),
(863,'JTA.TRA.PUERTA DEL.D\r',312,NULL,NULL,NULL),
(864,'GUARDAF.DL.D.ZONA DL\r',312,NULL,NULL,NULL),
(865,'SOP.SIST.SONIDO\r',312,NULL,NULL,NULL),
(866,'BOCINA TONO GRAVE\r',312,NULL,NULL,NULL),
(867,'TAPA INF D FACIA T\r',312,NULL,NULL,NULL),
(868,'EMISOR ULTRAS.EXT.D.\r',312,NULL,NULL,NULL),
(869,'TAPON RIN DEL.I.\r',312,NULL,NULL,NULL),
(870,'SALPICADERA D.\r',312,NULL,NULL,NULL),
(871,'REC.RIN TRA.I.\r',312,NULL,NULL,NULL),
(872,'TAPON RIN TRA.D.\r',312,NULL,NULL,NULL),
(873,'BOCINA TONO AGUDO\r',312,NULL,NULL,NULL),
(874,'GUIA LAT DER FACIA D\r',312,NULL,NULL,NULL),
(875,'SENSOR RAADR TRAS DE\r',312,NULL,NULL,NULL),
(876,'BASE GUIA RADARES\r',312,NULL,NULL,NULL),
(877,'TAPA RIN REFACC\r',312,NULL,NULL,NULL),
(878,'KIT TOR TAPAS RIN\r',312,NULL,NULL,NULL),
(879,'KIT REMACHES LOD SAL\r',312,NULL,NULL,NULL),
(880,'GUIA SALPIC.D.\r',312,NULL,NULL,NULL),
(881,'GUIA D.FACIA DEL.\r',312,NULL,NULL,NULL),
(882,'FACIA DEL.\r',312,NULL,NULL,NULL),
(883,'MOLD.INF.D.FACIA DL.\r',312,NULL,NULL,NULL),
(884,'ABSORB.FACIA DEL.\r',312,NULL,NULL,NULL),
(885,'SOP.INT.INF.FARO D.\r',312,NULL,NULL,NULL),
(886,'FARO D.\r',312,NULL,NULL,NULL),
(887,'SOP.DL.INF.LATER.D.\r',312,NULL,NULL,NULL),
(888,'SOP.DEL.SP.LATER.D.\r',312,NULL,NULL,NULL),
(889,'SOP.D.FACIA DEL.\r',312,NULL,NULL,NULL),
(890,'JTA.DEL.PUER.DEL.D.\r',312,NULL,NULL,NULL),
(891,'JUNTA PUERTA DEL.D.\r',312,NULL,NULL,NULL),
(892,'PUERTA DEL.D.\r',312,NULL,NULL,NULL),
(893,'ALTERNADOR SONIDO\r',312,NULL,NULL,NULL),
(894,'CHASIS DEL.\r',312,NULL,NULL,NULL),
(895,'DEFLECT.AIRE DEL.INF\r',312,NULL,NULL,NULL),
(896,'TAPON RIN DEL.D.\r',312,NULL,NULL,NULL),
(897,'TAPA QUEMACOCOS TRA.\r',260,NULL,NULL,NULL),
(898,'CORTINA INT TRASERA\r',260,NULL,NULL,NULL),
(899,'LLANTA DEL.I.\r',300,NULL,NULL,NULL),
(900,'VALV.PRES.LLANT.DL.I\r',300,NULL,NULL,NULL),
(901,'TIRA DE PLOMOS\r',300,NULL,NULL,NULL),
(902,'BOCINA TRA.D.\r',247,NULL,NULL,NULL),
(903,'BOCINA ASIEN.DEL.D.\r',247,NULL,NULL,NULL),
(904,'ALFOMBRA DE PISO\r',247,NULL,NULL,NULL),
(905,'BOCINA TRA.I.\r',247,NULL,NULL,NULL),
(906,'REGUL.BOLSA AIRE\r',247,NULL,NULL,NULL),
(907,'CARTUCHO FILT.ACEITE\r',247,NULL,NULL,NULL),
(908,'CARTUCHO FILTRO AIRE\r',247,NULL,NULL,NULL),
(909,'CONTROL CAMBIO\r',247,NULL,NULL,NULL),
(910,'ACEITE MOTOR\r',247,NULL,NULL,NULL),
(911,'LEVANTACRISTALES I.\r',247,NULL,NULL,NULL),
(912,'MODULO BDC\r',247,NULL,NULL,NULL),
(913,'LIQUIDO REFRIGERANTE\r',247,NULL,NULL,NULL),
(914,'BOCINA ASIEN.DEL.I.\r',247,NULL,NULL,NULL),
(915,'BOCINA DEL.INF.D.\r',247,NULL,NULL,NULL),
(916,'BOCINA DEL.INF.I.\r',247,NULL,NULL,NULL),
(917,'LEVANTACRISTALES D.\r',247,NULL,NULL,NULL),
(918,'FARO D.\r',247,NULL,NULL,NULL),
(919,'TAPETES\r',247,NULL,NULL,NULL),
(920,'FARO I.\r',247,NULL,NULL,NULL),
(921,'FARO D.\r',316,NULL,NULL,NULL),
(922,'BOCINA ASIEN.DEL.D.\r',317,NULL,NULL,NULL),
(923,'LEVANTACRISTALES I.\r',317,NULL,NULL,NULL),
(924,'MODULO COMBUSTIBLE\r',317,NULL,NULL,NULL),
(925,'REGULADOR BDC\r',317,NULL,NULL,NULL),
(926,'MODULO ICM\r',317,NULL,NULL,NULL),
(927,'MODULO PDC\r',317,NULL,NULL,NULL),
(928,'LIQUIDO REFRIGERANTE\r',317,NULL,NULL,NULL),
(929,'ACEITE MOTOR\r',317,NULL,NULL,NULL),
(930,'CAMARA PARA REVERSA\r',317,NULL,NULL,NULL),
(931,'BATERIA 12V/70AH\r',317,NULL,NULL,NULL),
(932,'JGO.BUJIAS\r',317,NULL,NULL,NULL),
(933,'CARTUCHO FILTRO AIRE\r',317,NULL,NULL,NULL),
(934,'CARTUCHO FILT.ACEITE\r',317,NULL,NULL,NULL),
(935,'PEDAL ACELERADOR\r',317,NULL,NULL,NULL),
(936,'BOCINA ASIEN.DEL.I.\r',317,NULL,NULL,NULL),
(937,'MOT.LEVAN.CRISTAL I.\r',317,NULL,NULL,NULL),
(938,'FLUIDO AIRE ACONDIC.\r',317,NULL,NULL,NULL),
(939,'SOP.BRAZO SUSP.I.\r',249,NULL,NULL,NULL),
(940,'FLECHA MOTRIZ I.\r',249,NULL,NULL,NULL),
(941,'BRAZO SUSP.DEL.I.\r',249,NULL,NULL,NULL),
(942,'AMORTIG.DEL.I.CPL.\r',249,NULL,NULL,NULL),
(943,'COJIN APOYO DEL.I.\r',249,NULL,NULL,NULL),
(944,'R RIN DEL I\r',249,NULL,NULL,NULL),
(945,'ANILLO REC DL I\r',249,NULL,NULL,NULL),
(946,'GOMA TOPE DEL.I.\r',249,NULL,NULL,NULL),
(947,'LLANTA DEL.I.\r',249,NULL,NULL,NULL),
(948,'BIELETA I.DIRECCION\r',249,NULL,NULL,NULL),
(949,'10 PLOMOS\r',249,NULL,NULL,NULL),
(950,'ACOP.RESOR.DEL.INF.I\r',249,NULL,NULL,NULL),
(951,'GUARDAFANGO DEL.D.\r',319,NULL,NULL,NULL),
(952,'MODULO LED FARO D.\r',319,NULL,NULL,NULL),
(953,'MODULO LED FARO I.\r',319,NULL,NULL,NULL),
(954,'MOD.LED LUZ CURVA D.\r',319,NULL,NULL,NULL),
(955,'FARO ANTINIEBLA D.\r',319,NULL,NULL,NULL),
(956,'MOD.LED LUZ CURVA I.\r',319,NULL,NULL,NULL),
(957,'FARO D.\r',319,NULL,NULL,NULL),
(958,'FARO I.\r',319,NULL,NULL,NULL),
(959,'SOP JTA COFRE D\r',319,NULL,NULL,NULL),
(960,'SOP JTA COFRE I\r',319,NULL,NULL,NULL),
(961,'JUNTA D. COFRE\r',319,NULL,NULL,NULL),
(962,'JUNTA I.COFRE\r',319,NULL,NULL,NULL),
(963,'REJILLA DEL.D.\r',319,NULL,NULL,NULL),
(964,'DEFLEC.AIRE SUP.DEL.\r',319,NULL,NULL,NULL),
(965,'SOP.LAT.D.FACIA DEL.\r',319,NULL,NULL,NULL),
(966,'SOP.LAT.I.FACIA DEL.\r',319,NULL,NULL,NULL),
(967,'REJILLA DEL.I.\r',319,NULL,NULL,NULL),
(968,'REJILLA FACIA DEL.\r',319,NULL,NULL,NULL),
(969,'SALPICADERA I.\r',319,NULL,NULL,NULL),
(970,'SALPICADERA D.\r',319,NULL,NULL,NULL),
(971,'MOLD.CANTONERA DEL.I\r',319,NULL,NULL,NULL),
(972,'MOLD.CANTONERA DEL.D\r',319,NULL,NULL,NULL),
(973,'REGUL.FARO LED I.\r',319,NULL,NULL,NULL),
(974,'REGUL.FARO LED D.\r',319,NULL,NULL,NULL),
(975,'KIT REMACHES FACIA D\r',319,NULL,NULL,NULL),
(976,'FACIA DEL.\r',319,NULL,NULL,NULL),
(977,'MARCO ESP.LATER.D.\r',303,NULL,NULL,NULL),
(978,'ESPEJO ELECTRONICO I\r',303,NULL,NULL,NULL),
(979,'CRIST.ESP.LATER.D.\r',303,NULL,NULL,NULL),
(980,'MOTOR.ESP.RETROV.D.\r',303,NULL,NULL,NULL),
(981,'ESPEJO ELECTRONICO D\r',303,NULL,NULL,NULL),
(982,'ESPEJO LATERAL I.\r',303,NULL,NULL,NULL),
(983,'REC.INF.ESP.LATER.I.\r',303,NULL,NULL,NULL),
(984,'MOTOR.ESP.RETROV.I.\r',303,NULL,NULL,NULL),
(985,'ESPEJO LATERAL D.\r',303,NULL,NULL,NULL),
(986,'TIRA DE PLOMOS\r',321,NULL,NULL,NULL),
(987,'LLANTA TRA.D.\r',321,NULL,NULL,NULL),
(988,'VALV.PRES.LLANT.TR.D\r',321,NULL,NULL,NULL),
(989,'VALV.PRES.LLANT.DL.I\r',322,NULL,NULL,NULL),
(990,'LLANTA DEL.D.\r',322,NULL,NULL,NULL),
(991,'LLANTA DEL.I.\r',322,NULL,NULL,NULL),
(992,'VALV.PRES.LLANT.DL.D\r',322,NULL,NULL,NULL),
(993,'TORNILLO D.\r',305,NULL,NULL,NULL),
(994,'TORNILLO I.\r',305,NULL,NULL,NULL),
(995,'REC.ESPEJO LATER.D.\r',305,NULL,NULL,NULL),
(996,'REC.ESPEJO LATER.I.\r',305,NULL,NULL,NULL),
(997,'KIT DE REPARACION\r',305,NULL,NULL,NULL),
(998,'ESPEJO LATERAL D.\r',305,NULL,NULL,NULL),
(999,'ESPEJO LATERAL I.\r',305,NULL,NULL,NULL),
(1000,'CRIST.ESP.LATER.I.\r',305,NULL,NULL,NULL),
(1001,'CRIST.ESP.LATER.D.\r',305,NULL,NULL,NULL),
(1002,'REC.ESPEJO LATER.I.\r',306,NULL,NULL,NULL),
(1003,'REC.ESPEJO LATER.D.\r',306,NULL,NULL,NULL),
(1004,'TAPA VENTIL DL SUP\r',252,NULL,NULL,NULL),
(1005,'TIRANTE DE UNION\r',252,NULL,NULL,NULL),
(1006,'REGUL LUZ FRONTAL I\r',252,NULL,NULL,NULL),
(1007,'FARO I.\r',252,NULL,NULL,NULL),
(1008,'ABSORBED.IMPACTO DEL\r',252,NULL,NULL,NULL),
(1009,'REC.DEL.COMPAR.MOTOR\r',252,NULL,NULL,NULL),
(1010,'CONEXION DL SUP\r',252,NULL,NULL,NULL),
(1011,'PARRILLA\r',252,NULL,NULL,NULL),
(1012,'FARO D.\r',252,NULL,NULL,NULL),
(1013,'SOP.SENS.TRA.INT.D.\r',309,NULL,NULL,NULL),
(1014,'JGO.SOP.SENSOR TRA.\r',309,NULL,NULL,NULL),
(1015,'EMISOR ULTRAS.INT.D.\r',309,NULL,NULL,NULL),
(1016,'EMISOR ULTRAS.INT.I.\r',309,NULL,NULL,NULL),
(1017,'REF.CEN.FACIA TRA.\r',309,NULL,NULL,NULL),
(1018,'DIFUSOR INF.FACIA TR\r',309,NULL,NULL,NULL),
(1019,'SOP.SENS.TRA.INT.I.\r',309,NULL,NULL,NULL),
(1020,'REVEST.INF.FACIA\r',309,NULL,NULL,NULL),
(1021,'MOLD.CEN.FACIA TRA.\r',309,NULL,NULL,NULL),
(1022,'VALV.PRES.LLANT.TR.I\r',254,NULL,NULL,NULL),
(1023,'RIN ALEACION TRA.D.\r',254,NULL,NULL,NULL),
(1024,'RIN ALEACION TRA.I.\r',254,NULL,NULL,NULL),
(1025,'CONTRAPESOS\r',254,NULL,NULL,NULL),
(1026,'VALV.PRES.LLANT.TR.D\r',254,NULL,NULL,NULL),
(1027,'LLANTA TRA.I.\r',254,NULL,NULL,NULL),
(1028,'LLANTA TRA.D.\r',254,NULL,NULL,NULL),
(1029,'SUJECIONCANTONERAIZQ\r',328,NULL,NULL,NULL),
(1030,'SUJREJINFPTATRAIZQ\r',328,NULL,NULL,NULL),
(1031,'SPOILER LAT.I.\r',328,NULL,NULL,NULL),
(1032,'TORNILLO I.\r',328,NULL,NULL,NULL),
(1033,'AMORTIGUADOR TRA.I.\r',328,10,NULL,NULL),
(1034,'SOPORTE TRA.I.\r',328,8,NULL,NULL),
(1035,'BIELETA TRA.I.DIREC.\r',328,11,'Ubicación incorrecta, no se encontró agencia, se reporta a Molduplastic',NULL),
(1036,'BUJEMANGUETATRAIZQ\r',328,1,NULL,NULL),
(1037,'RIN TRA.I.\r',328,7,NULL,NULL),
(1038,'JUNTA PUERTA TRA.I.\r',328,9,NULL,NULL),
(1039,'PUERTA DEL.I.\r',328,7,NULL,NULL),
(1040,'REC.INF.PUERTA TRA.I\r',328,8,NULL,NULL),
(1041,'SUJREJINFPTADELIZQ\r',328,NULL,NULL,NULL),
(1042,'LLANTA TRA.I.\r',328,11,'No se recolecto por temas de inseguridad en la zona',NULL),
(1043,'ACOPL.B.ESTAB.TRA.I.\r',328,1,NULL,NULL),
(1044,'PUERTA TRA.I.\r',328,8,NULL,NULL),
(1045,'REC.INF.PUER.DEL.I.\r',328,10,NULL,NULL),
(1046,'JUNTA PUERTA DEL.I.\r',328,1,NULL,NULL),
(1047,'VALV.PRES.LLANT.DL.D\r',257,NULL,NULL,NULL),
(1048,'LLANTA DEL.D.\r',257,NULL,NULL,NULL),
(1049,'10 PLOMOS\r',257,NULL,NULL,NULL),
(1050,'SOP.DL.INF.LATER.D.\r',312,NULL,NULL,NULL),
(1051,'SOP.DEL.SP.LATER.D.\r',312,NULL,NULL,NULL),
(1052,'SOP.D.FACIA DEL.\r',312,NULL,NULL,NULL),
(1053,'GUARDAF.DL.D.ZONA DL\r',312,NULL,NULL,NULL),
(1054,'DEFLECT.AIRE DEL.INF\r',312,NULL,NULL,NULL),
(1055,'CHASIS DEL.\r',312,NULL,NULL,NULL),
(1056,'JUNTA PUERTA DEL.D.\r',312,NULL,NULL,NULL),
(1057,'ALTERNADOR SONIDO\r',312,NULL,NULL,NULL),
(1058,'SOP.SIST.SONIDO\r',312,NULL,NULL,NULL),
(1059,'PUERTA DEL.D.\r',312,NULL,NULL,NULL),
(1060,'TAPA INF D FACIA T\r',312,NULL,NULL,NULL),
(1061,'EMISOR ULTRAS.EXT.D.\r',312,NULL,NULL,NULL),
(1062,'JTA.DEL.PUER.DEL.D.\r',312,NULL,NULL,NULL),
(1063,'JTA.TRA.PUERTA DEL.D\r',312,NULL,NULL,NULL),
(1064,'RIN DEL.D.\r',312,NULL,NULL,NULL),
(1065,'TAPON RIN TRA.D.\r',312,NULL,NULL,NULL),
(1066,'BOCINA TONO AGUDO\r',312,NULL,NULL,NULL),
(1067,'BOCINA TONO GRAVE\r',312,NULL,NULL,NULL),
(1068,'BASE GUIA RADARES\r',312,NULL,NULL,NULL),
(1069,'GUIA LAT DER FACIA D\r',312,NULL,NULL,NULL),
(1070,'SENSOR RAADR TRAS DE\r',312,NULL,NULL,NULL),
(1071,'TAPA RIN REFACC\r',312,NULL,NULL,NULL),
(1072,'KIT TOR TAPAS RIN\r',312,NULL,NULL,NULL),
(1073,'KIT REMACHES LOD SAL\r',312,NULL,NULL,NULL),
(1074,'FACIA DEL.\r',312,NULL,NULL,NULL),
(1075,'MOLD.INF.D.FACIA DL.\r',312,NULL,NULL,NULL),
(1076,'GUIA SALPIC.D.\r',312,NULL,NULL,NULL),
(1077,'GUIA D.FACIA DEL.\r',312,NULL,NULL,NULL),
(1078,'ABSORB.FACIA DEL.\r',312,NULL,NULL,NULL),
(1079,'SOP.INT.INF.FARO D.\r',312,NULL,NULL,NULL),
(1080,'FARO D.\r',312,NULL,NULL,NULL),
(1081,'SALPICADERA D.\r',312,NULL,NULL,NULL),
(1082,'TIRA DE PLOMOS\r',300,NULL,NULL,NULL),
(1083,'LLANTA DEL.I.\r',300,NULL,NULL,NULL),
(1084,'VALV.PRES.LLANT.DL.I\r',300,NULL,NULL,NULL),
(1085,'VALV.PRES.LLANT.DL.D\r',332,NULL,NULL,NULL),
(1086,'LLANTA DEL.D.\r',332,NULL,NULL,NULL),
(1087,'AMORTIGUADOR DEL.I.\r',248,NULL,NULL,NULL),
(1088,'RIN DEL.I.\r',248,NULL,NULL,NULL),
(1089,'plomos para valanceo\r',248,NULL,NULL,NULL),
(1090,'LLANTA DEL.I.\r',248,NULL,NULL,NULL),
(1091,'VALV.PRES.LLANT.DL.I\r',248,NULL,NULL,NULL),
(1092,'EJE DEL.\r',334,NULL,NULL,NULL),
(1093,'faro auxiliar\r',334,NULL,NULL,NULL),
(1094,'LLANTA DEL.\r',334,NULL,NULL,NULL),
(1095,'RIN LLANTA DEL.\r',334,NULL,NULL,NULL),
(1096,'PUENTE HORQUILLA INF\r',334,NULL,NULL,NULL),
(1097,'HORQUILLA DEL.D.CPL\r',334,NULL,NULL,NULL),
(1098,'HORQUILLA DEL.I.CPL.\r',334,NULL,NULL,NULL),
(1099,'JGO.SOP.SENSOR TRA.\r',335,NULL,NULL,NULL),
(1100,'EMISOR ULTRAS.EXT.I.\r',335,NULL,NULL,NULL),
(1101,'CALAVERA I.\r',335,NULL,NULL,NULL),
(1102,'SPOILER FACIA TRA.\r',335,NULL,NULL,NULL),
(1103,'MOLD.CALAVERA I.\r',335,NULL,NULL,NULL),
(1104,'TAPA FACIA TRA.\r',336,NULL,NULL,NULL),
(1105,'SENSOR\r',336,NULL,NULL,NULL),
(1106,'ALMA FACIA TRA.\r',336,NULL,NULL,NULL),
(1107,'SOP.CEN.FACIA TRA.\r',336,NULL,NULL,NULL),
(1108,'SPOILER TRA.FACIA\r',336,NULL,NULL,NULL),
(1109,'REMACHES\r',336,NULL,NULL,NULL),
(1110,'MOLD.ESTRIBO TRA.\r',336,NULL,NULL,NULL),
(1111,'FACIA TRA.\r',336,NULL,NULL,NULL),
(1112,'AMORTIGUADOR TRA.I.\r',328,11,'Taller cerrado',NULL),
(1113,'SOPORTE TRA.I.\r',328,NULL,NULL,NULL),
(1114,'REC.INF.PUERTA TRA.I\r',328,11,'el taller reporta que se robaron la pieza, ya se comento con Molduplastic',NULL),
(1115,'ACOPL.B.ESTAB.TRA.I.\r',328,1,NULL,NULL),
(1116,'SPOILER LAT.I.\r',328,NULL,NULL,NULL),
(1117,'SUJREJINFPTADELIZQ\r',328,NULL,NULL,NULL),
(1118,'LLANTA TRA.I.\r',328,7,NULL,NULL),
(1119,'RIN TRA.I.\r',328,7,NULL,NULL),
(1120,'SUJREJINFPTATRAIZQ\r',328,NULL,NULL,NULL),
(1121,'SUJECIONCANTONERAIZQ\r',328,NULL,NULL,NULL),
(1122,'BIELETA TRA.I.DIREC.\r',328,8,NULL,NULL),
(1123,'TORNILLO I.\r',328,NULL,NULL,NULL),
(1124,'PUERTA DEL.I.\r',328,1,NULL,NULL),
(1125,'JUNTA PUERTA DEL.I.\r',328,9,NULL,NULL),
(1126,'REC.INF.PUER.DEL.I.\r',328,10,NULL,NULL),
(1127,'PUERTA TRA.I.\r',328,9,NULL,NULL),
(1128,'JUNTA PUERTA TRA.I.\r',328,7,NULL,NULL),
(1129,'BUJEMANGUETATRAIZQ\r',328,7,NULL,NULL),
(1130,'TAPON RIN TRA.D.\r',312,NULL,NULL,NULL),
(1131,'RIN DEL.D.\r',312,NULL,NULL,NULL),
(1132,'BOCINA TONO AGUDO\r',312,NULL,NULL,NULL),
(1133,'BOCINA TONO GRAVE\r',312,NULL,NULL,NULL),
(1134,'BASE GUIA RADARES\r',312,NULL,NULL,NULL),
(1135,'GUIA LAT DER FACIA D\r',312,NULL,NULL,NULL),
(1136,'SENSOR RAADR TRAS DE\r',312,NULL,NULL,NULL),
(1137,'KIT TOR TAPAS RIN\r',312,NULL,NULL,NULL),
(1138,'KIT REMACHES LOD SAL\r',312,NULL,NULL,NULL),
(1139,'FACIA DEL.\r',312,NULL,NULL,NULL),
(1140,'ABSORB.FACIA DEL.\r',312,NULL,NULL,NULL),
(1141,'MOLD.INF.D.FACIA DL.\r',312,NULL,NULL,NULL),
(1142,'GUIA SALPIC.D.\r',312,NULL,NULL,NULL),
(1143,'GUIA D.FACIA DEL.\r',312,NULL,NULL,NULL),
(1144,'SOP.INT.INF.FARO D.\r',312,NULL,NULL,NULL),
(1145,'FARO D.\r',312,NULL,NULL,NULL),
(1146,'SOP.DL.INF.LATER.D.\r',312,NULL,NULL,NULL),
(1147,'SOP.DEL.SP.LATER.D.\r',312,NULL,NULL,NULL),
(1148,'SOP.D.FACIA DEL.\r',312,NULL,NULL,NULL),
(1149,'CHASIS DEL.\r',312,NULL,NULL,NULL),
(1150,'SALPICADERA D.\r',312,NULL,NULL,NULL),
(1151,'GUARDAF.DL.D.ZONA DL\r',312,NULL,NULL,NULL),
(1152,'DEFLECT.AIRE DEL.INF\r',312,NULL,NULL,NULL),
(1153,'ALTERNADOR SONIDO\r',312,NULL,NULL,NULL),
(1154,'SOP.SIST.SONIDO\r',312,NULL,NULL,NULL),
(1155,'PUERTA DEL.D.\r',312,NULL,NULL,NULL),
(1156,'JUNTA PUERTA DEL.D.\r',312,NULL,NULL,NULL),
(1157,'JTA.DEL.PUER.DEL.D.\r',312,NULL,NULL,NULL),
(1158,'JTA.TRA.PUERTA DEL.D\r',312,NULL,NULL,NULL),
(1159,'TAPA INF D FACIA T\r',312,NULL,NULL,NULL),
(1160,'EMISOR ULTRAS.EXT.D.\r',312,NULL,NULL,NULL),
(1161,'TAPA RIN REFACC\r',312,NULL,NULL,NULL),
(1162,'PARABRISAS TINTADO\r',339,NULL,NULL,NULL),
(1163,'JGO.PEGAMENT.PARAB.\r',339,NULL,NULL,NULL),
(1164,'LIMPIAD.R1 PARABRIS.\r',339,NULL,NULL,NULL),
(1165,'TOPE PARABRISAS\r',339,NULL,NULL,NULL),
(1166,'INSONORIZACION\r',339,NULL,NULL,NULL),
(1167,'BOTA AGUAS D.\r',339,NULL,NULL,NULL),
(1168,'REC.PARABRISAS\r',339,NULL,NULL,NULL),
(1169,'SILICON SENS.LLUVIA\r',339,NULL,NULL,NULL),
(1170,'BOTA AGUAS I.\r',339,NULL,NULL,NULL),
(1171,'ARNES SENSORES PDC F\r',340,NULL,NULL,NULL),
(1172,'SOP.SILENC.TRA.I.\r',340,NULL,NULL,NULL),
(1173,'AISLANTE TERMICO TRA\r',340,NULL,NULL,NULL),
(1174,'TAPA CAJUELA INF.\r',340,NULL,NULL,NULL),
(1175,'EMISOR ULTRAS.INT.D.\r',340,NULL,NULL,NULL),
(1176,'REF.CEN.FACIA TRA.\r',340,NULL,NULL,NULL),
(1177,'DIFUSOR INF.FACIA TR\r',340,NULL,NULL,NULL),
(1178,'MOLD.CEN.FACIA TRA.\r',340,NULL,NULL,NULL),
(1179,'REC.INF.FACIA TRA.\r',340,NULL,NULL,NULL),
(1180,'SOP MOLD ESCAPE D\r',340,NULL,NULL,NULL),
(1181,'SOP MOLD ESCAPE I\r',340,NULL,NULL,NULL),
(1182,'MOLD.EXT.I.ESCAPE\r',340,NULL,NULL,NULL),
(1183,'FACIA TRA.\r',340,NULL,NULL,NULL),
(1184,'REC.I.INF.FACIA TRA.\r',340,NULL,NULL,NULL),
(1185,'ALMA FACIA TRA.\r',340,NULL,NULL,NULL),
(1186,'GOMA TOPE DEL.I.\r',249,NULL,NULL,NULL),
(1187,'ANILLO REC DL I\r',249,NULL,NULL,NULL),
(1188,'ACOP.RESOR.DEL.INF.I\r',249,NULL,NULL,NULL),
(1189,'COJIN APOYO DEL.I.\r',249,NULL,NULL,NULL),
(1190,'MANGUETA DEL.I.\r',249,NULL,NULL,NULL),
(1191,'AMORTIG.DEL.I.CPL.\r',249,NULL,NULL,NULL),
(1192,'SOP.BRAZO SUSP.I.\r',249,NULL,NULL,NULL),
(1193,'BRAZO SUSP.DEL.I.\r',249,NULL,NULL,NULL),
(1194,'FLECHA MOTRIZ I.\r',249,NULL,NULL,NULL),
(1195,'10 PLOMOS\r',249,NULL,NULL,NULL),
(1196,'R RIN DEL I\r',249,NULL,NULL,NULL),
(1197,'LLANTA DEL.I.\r',249,NULL,NULL,NULL),
(1198,'BIELETA I.DIRECCION\r',249,NULL,NULL,NULL),
(1199,'EMBLEMA TRA.I.\r',342,NULL,NULL,NULL),
(1200,'EMBLEMA TRA. AUDI\r',342,NULL,NULL,NULL),
(1201,'MOLD.TAPA CAJUELA\r',342,NULL,NULL,NULL),
(1202,'MEDALLON\r',342,NULL,NULL,NULL),
(1203,'BRAZO LIMPIAMEDALLON\r',342,NULL,NULL,NULL),
(1204,'CALAVERA I.LED\r',342,NULL,NULL,NULL),
(1205,'CALAVERA D.LED\r',342,NULL,NULL,NULL),
(1206,'CRISTAL LATER.I.\r',342,NULL,NULL,NULL),
(1207,'CRISTAL LATER.D.\r',342,NULL,NULL,NULL),
(1208,'PELISEGUCRISDELIZQ\r',342,NULL,NULL,NULL),
(1209,'CRISTAL PUER.DEL.I.\r',342,NULL,NULL,NULL),
(1210,'PARABRISAS\r',342,NULL,NULL,NULL),
(1211,'BOTA AGUAS DEL.D.\r',342,NULL,NULL,NULL),
(1212,'GUIA CRISTAL DEL.I.\r',342,NULL,NULL,NULL),
(1213,'CANUE.EXT.PUER.DEL.I\r',342,NULL,NULL,NULL),
(1214,'CANUE.EXT.PUER.DEL.D\r',342,NULL,NULL,NULL),
(1215,'MOLD.SUP.PUER.DEL.I.\r',342,NULL,NULL,NULL),
(1216,'BASE ESPEJO LATER.I.\r',342,NULL,NULL,NULL),
(1217,'REC.ESPEJO LATER.I.\r',342,NULL,NULL,NULL),
(1218,'REC.ESPEJO LATER.D.\r',342,NULL,NULL,NULL),
(1219,'MOLD.SUP.PUER.TRA.I.\r',342,NULL,NULL,NULL),
(1220,'MOLD.SENSOR LLUVIA\r',342,NULL,NULL,NULL),
(1221,'GUIA CRISTAL TRA.I.\r',342,NULL,NULL,NULL),
(1222,'CANUE.EXT.PUER.TRA.I\r',342,NULL,NULL,NULL),
(1223,'CANUE.EXT.PUER.TRA.D\r',342,NULL,NULL,NULL),
(1224,'MOLD.SUP.PUER.TRA.D.\r',342,NULL,NULL,NULL),
(1225,'MOLD.ANG.TRA.EXT.I.\r',342,NULL,NULL,NULL),
(1226,'TAPA QUEMACOCOS DEL.\r',342,NULL,NULL,NULL),
(1227,'TAPA QUEMACOCOS TRA.\r',342,NULL,NULL,NULL),
(1228,'GUIA I.TOLDO\r',342,NULL,NULL,NULL),
(1229,'GUIA D.TOLDO\r',342,NULL,NULL,NULL),
(1230,'MOLD.CEN.FACIA TRA.\r',342,NULL,NULL,NULL),
(1231,'VALV.PRES.LLANT.TR.D\r',321,NULL,NULL,NULL),
(1232,'TIRA DE PLOMOS\r',321,NULL,NULL,NULL),
(1233,'LLANTA TRA.D.\r',321,NULL,NULL,NULL),
(1234,'SOP.BRAZO SUSP.I.\r',238,NULL,NULL,NULL),
(1235,'BRAZO SUSP.DEL.D.\r',238,NULL,NULL,NULL),
(1236,'LLANTA DEL.I.\r',238,NULL,NULL,NULL),
(1237,'VALV.PRES.LLANT.DL.D\r',238,NULL,NULL,NULL),
(1238,'BRAZO SUSP.DEL.I.\r',238,NULL,NULL,NULL),
(1239,'FLECHA MOTRIZ I.\r',238,NULL,NULL,NULL),
(1240,'MANGUETA DEL.I.\r',238,NULL,NULL,NULL),
(1241,'SOP.BRAZO SUSP.D.\r',238,NULL,NULL,NULL),
(1242,'LLANTA DEL.D.\r',238,NULL,NULL,NULL),
(1243,'AMORTIG.DEL.I.CPL.\r',238,NULL,NULL,NULL),
(1244,'AMORTIG.DEL.D.CPL.\r',238,NULL,NULL,NULL),
(1245,'COJIN APOYO DEL.I.\r',238,NULL,NULL,NULL),
(1246,'VALV.PRES.LLANT.DL.I\r',238,NULL,NULL,NULL),
(1247,'COJIN APOYO DEL.D.\r',238,NULL,NULL,NULL),
(1248,'TAPA VENTIL DL SUP\r',252,NULL,NULL,NULL),
(1249,'REC.DEL.COMPAR.MOTOR\r',252,NULL,NULL,NULL),
(1250,'FARO I.\r',252,NULL,NULL,NULL),
(1251,'PARRILLA\r',252,NULL,NULL,NULL),
(1252,'REGUL LUZ FRONTAL I\r',252,NULL,NULL,NULL),
(1253,'FARO D.\r',252,NULL,NULL,NULL),
(1254,'CONEXION DL SUP\r',252,NULL,NULL,NULL),
(1255,'TIRANTE DE UNION\r',252,NULL,NULL,NULL),
(1256,'ABSORBED.IMPACTO DEL\r',252,NULL,NULL,NULL),
(1257,'EMISOR ULTRAS.INT.D.\r',309,NULL,NULL,NULL),
(1258,'JGO.SOP.SENSOR TRA.\r',309,NULL,NULL,NULL),
(1259,'REVEST.INF.FACIA\r',309,NULL,NULL,NULL),
(1260,'MOLD.CEN.FACIA TRA.\r',309,NULL,NULL,NULL),
(1261,'DIFUSOR INF.FACIA TR\r',309,NULL,NULL,NULL),
(1262,'SOP.SENS.TRA.INT.I.\r',309,NULL,NULL,NULL),
(1263,'EMISOR ULTRAS.INT.I.\r',309,NULL,NULL,NULL),
(1264,'SOP.SENS.TRA.INT.D.\r',309,NULL,NULL,NULL),
(1265,'REF.CEN.FACIA TRA.\r',309,NULL,NULL,NULL),
(1266,'VALV.PRES.LLANT.DL.D\r',332,NULL,NULL,NULL),
(1267,'LLANTA DEL.D.\r',332,NULL,NULL,NULL),
(1268,'LLANTA DEL.D.\r',348,NULL,NULL,NULL),
(1269,'VALV.PRES.LLANT.DL.D\r',348,NULL,NULL,NULL),
(1270,'RIN DEL.D.\r',348,NULL,NULL,NULL),
(1271,'CONTRAPESOS\r',348,NULL,NULL,NULL),
(1272,'ALETA DEL.I.\r',349,NULL,NULL,NULL),
(1273,'SUJ.EXT.D.ESTAB.DEL.\r',350,NULL,NULL,NULL),
(1274,'AMORTIGUADOR DEL.D.\r',350,NULL,NULL,NULL),
(1275,'MOLD.INF.PUER.TRA.D.\r',350,NULL,NULL,NULL),
(1276,'MOLDURA ESTRIBO D.\r',350,NULL,NULL,NULL),
(1277,'MOLD.DEL.COSTADO D.\r',350,NULL,NULL,NULL),
(1278,'RODAMIENTO DEL.D.\r',350,NULL,NULL,NULL),
(1279,'BUJE DEL.D.\r',350,NULL,NULL,NULL),
(1280,'BRAZO SUSP.INF.D\r',350,NULL,NULL,NULL),
(1281,'MOLDURA COSTADO D.\r',350,NULL,NULL,NULL),
(1282,'MOLD.INF.PUER.DEL.D.\r',350,NULL,NULL,NULL),
(1283,'MOLDURA SALPICAD.D.\r',350,NULL,NULL,NULL),
(1284,'BIELETA D.DIRECCION\r',350,NULL,NULL,NULL),
(1285,'ROTULA D.DIRECC.\r',350,NULL,NULL,NULL),
(1286,'KIT 2 BOLSAS AIRE\r',351,NULL,NULL,NULL),
(1287,'MOLDU.CEN.FACIA TRA.\r',352,1,'',NULL),
(1288,'FACIA TRA.\r',352,1,'',NULL),
(1289,'REJILLA D.FACIA TRA.\r',352,1,'',NULL),
(1290,'SOPORTE D.FACIA TRA.\r',352,1,'',NULL),
(1291,'ALMA FACIA TRA.\r',352,10,'',NULL),
(1292,'MANGUETA DEL.D.\r',350,NULL,NULL,NULL),
(1293,'CALAVERA D.\r',354,NULL,NULL,NULL),
(1294,'MOLD.CALAVERA I.\r',354,NULL,NULL,NULL),
(1295,'MOLD.CALAVERA D.\r',354,NULL,NULL,NULL),
(1296,'CALAVERA I.\r',354,NULL,NULL,NULL),
(1297,'PUERTA DEL.D.\r',355,NULL,NULL,NULL),
(1298,'MOLDURA DEL.D.\r',355,NULL,NULL,NULL),
(1299,'MOLDURA TRA.D.\r',355,NULL,NULL,NULL),
(1300,'ESTRIBO D\r',355,NULL,NULL,NULL),
(1301,'LLANTA DEL.D.\r',356,NULL,NULL,NULL),
(1302,'LLANTA TRA.D.\r',356,NULL,NULL,NULL),
(1303,'BIELETA TRA.D.DIREC.\r',357,NULL,NULL,NULL),
(1304,'REC.GANCHO REMOL.DEL\r',358,NULL,NULL,NULL),
(1305,'SOP.SALPICADERA I.\r',358,NULL,NULL,NULL),
(1306,'BIELETA I.DIRECCION\r',359,NULL,NULL,NULL),
(1307,'TIRANTE DEL.I.\r',359,NULL,NULL,NULL),
(1308,'BRAZO SUSP.DL.I.INF.\r',359,NULL,NULL,NULL),
(1309,'ROTULA EXT.I.DIRECC.\r',359,NULL,NULL,NULL),
(1310,'COJIN APOYO DEL.I.\r',359,NULL,NULL,NULL),
(1311,'BRAZO ESTABILI.DEL.I\r',359,NULL,NULL,NULL),
(1312,'AMORTIGUADOR DEL.I.\r',359,NULL,NULL,NULL),
(1313,'BARRA SOP.TRA.D.\r',360,NULL,NULL,NULL),
(1314,'BARRA SOP.TRA.I.\r',360,NULL,NULL,NULL),
(1315,'TAPON DEL.I.\r',361,NULL,NULL,NULL),
(1316,'BUJE DEL.I.\r',361,NULL,NULL,NULL),
(1317,'BIELETA I.DIRECCION\r',361,NULL,NULL,NULL),
(1318,'JGO.RODAMIENT.DEL.I.\r',361,NULL,NULL,NULL),
(1319,'SALPICADERA I.\r',361,NULL,NULL,NULL),
(1320,'ROTULA DEL.I.\r',361,NULL,NULL,NULL),
(1321,'AMORTIGUADOR DEL.I.\r',361,NULL,NULL,NULL),
(1322,'FACIA DEL.\r',361,NULL,NULL,NULL),
(1323,'ACOP.BAR.ESTAB.I.\r',361,NULL,NULL,NULL),
(1324,'BASE AMORTIG.DEL.I.\r',361,NULL,NULL,NULL),
(1325,'SOP.EXT.I.FACIA DEL.\r',361,NULL,NULL,NULL),
(1326,'GUARDAFANGO DEL.I.\r',361,NULL,NULL,NULL),
(1327,'LLANTA DEL.I.\r',361,NULL,NULL,NULL),
(1328,'BRAZO SUSP.DEL.I.\r',361,NULL,NULL,NULL),
(1329,'RIN DEL.I.\r',361,NULL,NULL,NULL),
(1330,'GUARDAFANGO DEL.I.\r',363,NULL,NULL,NULL),
(1331,'ACOPL.RESORTE SUP.I.\r',363,NULL,NULL,NULL),
(1332,'SOP.GOMA RESOR.DEL.I\r',363,NULL,NULL,NULL),
(1333,'BRAZO SUSP.INF.DEL.I\r',363,NULL,NULL,NULL),
(1334,'TIRANTE INF.I.\r',363,NULL,NULL,NULL),
(1335,'FACIA DEL.\r',363,NULL,NULL,NULL),
(1336,'BUJE DEL.I.\r',363,NULL,NULL,NULL),
(1337,'RODAMIENTO DEL.I.\r',363,NULL,NULL,NULL),
(1338,'BIELETA I.DIRECCION\r',363,NULL,NULL,NULL),
(1339,'ROTULA I.DIRECC.\r',363,NULL,NULL,NULL),
(1340,'AMORTIGUADOR DEL.I.\r',363,NULL,NULL,NULL),
(1341,'LLANTA DEL.I.\r',363,NULL,NULL,NULL),
(1342,'FACIA DEL.\r',364,NULL,NULL,NULL),
(1343,'PARRILLA\r',364,NULL,NULL,NULL),
(1344,'MARCO RADIADOR\r',364,NULL,NULL,NULL),
(1345,'ALMA FACIA DEL.\r',364,NULL,NULL,NULL),
(1346,'FARO I.CPL.\r',364,NULL,NULL,NULL),
(1347,'SOP.SALPICADERA I.\r',364,NULL,NULL,NULL),
(1348,'COFRE\r',366,NULL,NULL,NULL),
(1349,'MOLD.ESTRIBO D.\r',367,NULL,NULL,NULL),
(1350,'PARRILLA\r',368,NULL,NULL,NULL),
(1351,'CALCOMANIASDE COFRE\r',368,NULL,NULL,NULL),
(1352,'MARCO PARRILLA\r',368,NULL,NULL,NULL),
(1353,'BISEL MARCO FARO I.\r',368,NULL,NULL,NULL),
(1354,'BISEL MARCO FARO D.\r',368,NULL,NULL,NULL),
(1355,'MOLD.COFRE\r',368,NULL,NULL,NULL),
(1356,'COFRE\r',368,NULL,NULL,NULL),
(1357,'ALMA FACIA DEL.\r',368,NULL,NULL,NULL),
(1358,'MOLDURA DEL.D.\r',355,NULL,NULL,NULL),
(1359,'PUERTA DEL.D.\r',355,NULL,NULL,NULL),
(1360,'ESTRIBO D\r',355,NULL,NULL,NULL),
(1361,'MOLDURA TRA.D.\r',355,NULL,NULL,NULL),
(1362,'MOLD.CANTO.PUE.TRA.D\r',370,NULL,NULL,NULL),
(1363,'CLIPS DE FIJACION\r',370,NULL,NULL,NULL),
(1364,'MOLD.CANTONERA TRA.D\r',370,NULL,NULL,NULL),
(1365,'MANIJA EXT.PUE.TRA.D\r',370,NULL,NULL,NULL),
(1366,'ESPEJO LATERAL I.\r',371,NULL,NULL,NULL),
(1367,'TAPA DEPOS.EXPANSION\r',372,NULL,NULL,NULL),
(1368,'VENTILADOR D.\r',372,NULL,NULL,NULL),
(1369,'MOTOR VENTILADOR I.\r',372,NULL,NULL,NULL),
(1370,'MOTOR VENTILADOR D.\r',372,NULL,NULL,NULL),
(1371,'VENTILADOR I.\r',372,NULL,NULL,NULL),
(1372,'MANG.RADIAD.INF.CEN.\r',372,NULL,NULL,NULL),
(1373,'TUBO RADIADOR SUP.TR\r',372,NULL,NULL,NULL),
(1374,'BOMBA AGUA CPL.\r',372,NULL,NULL,NULL),
(1375,'TAPA TERMOSTATO\r',372,NULL,NULL,NULL),
(1376,'BOMBA ACEITE\r',372,NULL,NULL,NULL),
(1377,'TAPA D.FACIA DEL.\r',372,NULL,NULL,NULL),
(1378,'REJ.VENT.INF.FACI.DL\r',372,NULL,NULL,NULL),
(1379,'PORTAPLACA DEL.\r',372,NULL,NULL,NULL),
(1380,'TAPA I.FACIA DEL.\r',372,NULL,NULL,NULL),
(1381,'PARABRISAS\r',372,NULL,NULL,NULL),
(1382,'BASE PARABRISAS\r',372,NULL,NULL,NULL),
(1383,'JTA.PARABRISAS\r',372,NULL,NULL,NULL),
(1384,'DEPOSITO LIMPIADORES\r',372,NULL,NULL,NULL),
(1385,'TUBO ENTRADA\r',372,NULL,NULL,NULL),
(1386,'TUBO VENTILACION SUP\r',372,NULL,NULL,NULL),
(1387,'VALVULA RECIRC.GASES\r',372,NULL,NULL,NULL),
(1388,'REC.I.MOTOR\r',372,NULL,NULL,NULL),
(1389,'REC.D.MOTOR\r',372,NULL,NULL,NULL),
(1390,'REC.INF.DEL.MOTOR\r',372,NULL,NULL,NULL),
(1391,'RAD.ACEITE CJA.CAMB.\r',372,NULL,NULL,NULL),
(1392,'CABLEADO MOTOR\r',372,NULL,NULL,NULL),
(1393,'SENSOR DE SOL\r',372,NULL,NULL,NULL),
(1394,'BOCINA ALARMA\r',372,NULL,NULL,NULL),
(1395,'BATERIA 12V\r',372,NULL,NULL,NULL),
(1396,'CAJA BATERIA\r',372,NULL,NULL,NULL),
(1397,'BOCINA I.\r',372,NULL,NULL,NULL),
(1398,'BOCINA D.\r',372,NULL,NULL,NULL),
(1399,'SENSOR TEMP.AMBIENTE\r',372,NULL,NULL,NULL),
(1400,'CONJUNTO RELEV.\r',372,NULL,NULL,NULL),
(1401,'REGUL.AIRE ACONDIC.\r',372,NULL,NULL,NULL),
(1402,'FUSIBLE MADRE\r',372,NULL,NULL,NULL),
(1403,'FARO I.CPL.\r',372,NULL,NULL,NULL),
(1404,'FARO D.CPL.\r',372,NULL,NULL,NULL),
(1405,'SALPICADERA I.\r',372,NULL,NULL,NULL),
(1406,'SALPICADERA D.\r',372,NULL,NULL,NULL),
(1407,'SOP.SALPICADERA I.\r',372,NULL,NULL,NULL),
(1408,'SOP.SALPICADADERA D.\r',372,NULL,NULL,NULL),
(1409,'CANAL AIRE SUP.\r',372,NULL,NULL,NULL),
(1410,'SOPORTE I.RADIADOR\r',372,NULL,NULL,NULL),
(1411,'REJ.ADMIS.AIRE ACTIV\r',372,NULL,NULL,NULL),
(1412,'BOLSA AIRE LAT.I.\r',372,NULL,NULL,NULL),
(1413,'TUBO EVAPORIZADOR\r',372,NULL,NULL,NULL),
(1414,'TUBO COMPRESOR\r',372,NULL,NULL,NULL),
(1415,'TUBO COND/EVAPOR\r',372,NULL,NULL,NULL),
(1416,'BOLSA AIRE LAT.D.\r',372,NULL,NULL,NULL),
(1417,'B.AIRE CABEZA I.\r',372,NULL,NULL,NULL),
(1418,'B.AIRE CABEZA D.\r',372,NULL,NULL,NULL),
(1419,'ENGANCHE CINT.DEL.I.\r',372,NULL,NULL,NULL),
(1420,'ENGANCHE CINT.DEL.D.\r',372,NULL,NULL,NULL),
(1421,'REVESTIMIENTO TOLDO\r',372,NULL,NULL,NULL),
(1422,'TAPA BATERIA\r',372,NULL,NULL,NULL),
(1423,'ANILLO CONTAC.B.AIRE\r',372,NULL,NULL,NULL),
(1424,'GUARDAFANGO DEL.I.\r',372,NULL,NULL,NULL),
(1425,'GUARDAFANGO DEL.D\r',372,NULL,NULL,NULL),
(1426,'DEFLEC.AIRE I.RADIAD\r',372,NULL,NULL,NULL),
(1427,'DEFLEC.AIRE D.RADIAD\r',372,NULL,NULL,NULL),
(1428,'FILTRO DE AIRE CPL.\r',372,NULL,NULL,NULL),
(1429,'TAPA CUER.ACELER.CPL\r',372,NULL,NULL,NULL),
(1430,'MULTIPLE DE ADMISION\r',372,NULL,NULL,NULL),
(1431,'RESONADOR FILTRO AIR\r',372,NULL,NULL,NULL),
(1432,'MANG.ADMIS.FILTRO\r',372,NULL,NULL,NULL),
(1433,'TUBO SUP.FILTRO AIRE\r',372,NULL,NULL,NULL),
(1434,'TUBO ENTR.FILTR.AIRE\r',372,NULL,NULL,NULL),
(1435,'REC.SUP.RADIADOR\r',372,NULL,NULL,NULL),
(1436,'SOP.I.RADIADOR\r',372,NULL,NULL,NULL),
(1437,'SOP.D.RADIADOR\r',372,NULL,NULL,NULL),
(1438,'TRAV.INF.ZONA FRONT.\r',372,NULL,NULL,NULL),
(1439,'GUIA CANAL AIRE\r',372,NULL,NULL,NULL),
(1440,'TRAVES.SP.ZONA FRONT\r',372,NULL,NULL,NULL),
(1441,'SOP.I.MARCO RADIADOR\r',372,NULL,NULL,NULL),
(1442,'SOP.D.MARCO RADIADOR\r',372,NULL,NULL,NULL),
(1443,'DEFLEC.INF.RADIADOR\r',372,NULL,NULL,NULL),
(1444,'EXTEN.INT.CJ.RU.DL.I\r',372,NULL,NULL,NULL),
(1445,'REJ.TOLVA LIMPIAPAR.\r',372,NULL,NULL,NULL),
(1446,'EXTEN.INT.CJ.RU.DL.D\r',372,NULL,NULL,NULL),
(1447,'PUNTA LARGUERO DEL.I\r',372,NULL,NULL,NULL),
(1448,'PUNTA LARGUERO DEL.D\r',372,NULL,NULL,NULL),
(1449,'ABSORB.IMPACTO DEL.I\r',372,NULL,NULL,NULL),
(1450,'BOLSA AIRE RODILLA\r',372,NULL,NULL,NULL),
(1451,'TUBO DEP.LIMPIA.\r',372,NULL,NULL,NULL),
(1452,'SENSOR FRENOS\r',372,NULL,NULL,NULL),
(1453,'BOLSA AIRE PASAJERO\r',372,NULL,NULL,NULL),
(1454,'BOMBA LIMPIAPARABRI.\r',372,NULL,NULL,NULL),
(1455,'CONDENSADOR\r',372,NULL,NULL,NULL),
(1456,'CLIPS DE FIJACION\r',372,NULL,NULL,NULL),
(1457,'ABSORB.IMPACTO DEL.D\r',372,NULL,NULL,NULL),
(1458,'ABSORB.INF.FACIA DEL\r',372,NULL,NULL,NULL),
(1459,'MOLD.FARO ANTINIEB.I\r',372,NULL,NULL,NULL),
(1460,'JTA.SUP.FACIA DEL.\r',372,NULL,NULL,NULL),
(1461,'PARRILLA\r',372,NULL,NULL,NULL),
(1462,'VARILLA COFRE\r',372,NULL,NULL,NULL),
(1463,'COFRE\r',372,NULL,NULL,NULL),
(1464,'INSONOR.COFRE\r',372,NULL,NULL,NULL),
(1465,'CERRADURA COFRE\r',372,NULL,NULL,NULL),
(1466,'CABLE APERTURA COFRE\r',372,NULL,NULL,NULL),
(1467,'PALANCA APERTU.COFRE\r',372,NULL,NULL,NULL),
(1468,'MANGUE.RADIAD.INF.I.\r',372,NULL,NULL,NULL),
(1469,'MANGUE.RADIAD.INF.D.\r',372,NULL,NULL,NULL),
(1470,'TUBO CALEF.RADIADOR\r',372,NULL,NULL,NULL),
(1471,'TUBO SALIDA\r',372,NULL,NULL,NULL),
(1472,'DEPOS.EXPAN.RADIADOR\r',372,NULL,NULL,NULL),
(1473,'FACIA DEL.\r',372,NULL,NULL,NULL),
(1474,'REF.INF.FACIA DEL.\r',372,NULL,NULL,NULL),
(1475,'MOLDURA D.FACIA DEL.\r',372,NULL,NULL,NULL),
(1476,'ALMA FACIA DEL.\r',372,NULL,NULL,NULL),
(1477,'SOP.I.REF.FACIA DEL.\r',372,NULL,NULL,NULL),
(1478,'SOP.D.REF.FACIA DEL.\r',372,NULL,NULL,NULL),
(1479,'ABSORBED.IMPACTO DEL\r',372,NULL,NULL,NULL),
(1480,'REGUL.BOLSA AIRE\r',372,NULL,NULL,NULL),
(1481,'BOLSA AIRE CONDUCTOR\r',372,NULL,NULL,NULL),
(1482,'SENS.DEL.I.BOLS.AIRE\r',372,NULL,NULL,NULL),
(1483,'SENS.DEL.D.BOLS.AIRE\r',372,NULL,NULL,NULL),
(1484,'SENS LAT I BOLSA AIR\r',372,NULL,NULL,NULL),
(1485,'SENS LAT D BOLSA AIR\r',372,NULL,NULL,NULL),
(1486,'SN.BOL.AIR.LAT.INF.I\r',372,NULL,NULL,NULL),
(1487,'SN.BOL.AIR.LAT.INF.D\r',372,NULL,NULL,NULL),
(1488,'CONVERTIDOR TENSION\r',372,NULL,NULL,NULL),
(1489,'DEPOS.LIQUIDO REFRIG\r',372,NULL,NULL,NULL),
(1490,'REC.DEL.COVERTIDOR\r',372,NULL,NULL,NULL),
(1491,'TAPA CARC.CONVERT.\r',372,NULL,NULL,NULL),
(1492,'TUBO BOMBA AGUA\r',372,NULL,NULL,NULL),
(1493,'TUBO COMPRES./CONDEN\r',372,NULL,NULL,NULL),
(1494,'TUBO BOMBA AGUA\r',372,NULL,NULL,NULL),
(1495,'TUBO RETORNO AGUA\r',372,NULL,NULL,NULL),
(1496,'TUBO SALIDA\r',372,NULL,NULL,NULL),
(1497,'BOMBA AGUA ADIC.\r',372,NULL,NULL,NULL),
(1498,'SOPORTE D.RADIADOR\r',372,NULL,NULL,NULL),
(1499,'CONTROL PARRILLA\r',372,NULL,NULL,NULL),
(1500,'TAPA FLECHA\r',372,NULL,NULL,NULL),
(1501,'RADIADOR CPL.\r',372,NULL,NULL,NULL),
(1502,'SOP.GOM.INF.I.RADIAD\r',372,NULL,NULL,NULL),
(1503,'SOP.GOM.INF.D.RADIAD\r',372,NULL,NULL,NULL),
(1504,'TOLVA DE RADIADOR\r',372,NULL,NULL,NULL),
(1505,'FACIA TRA.\r',352,1,'',NULL),
(1506,'REJILLA D.FACIA TRA.\r',352,1,'',NULL),
(1507,'MOLDU.CEN.FACIA TRA.\r',352,1,'',NULL),
(1508,'SOPORTE D.FACIA TRA.\r',352,1,'',NULL),
(1509,'ALMA FACIA TRA.\r',352,1,'',NULL),
(1510,'REJILLA FACIA DEL.\r',374,NULL,NULL,NULL),
(1511,'MOLDURA I.FACIA DEL.\r',374,NULL,NULL,NULL),
(1512,'TAPA FACIA DEL.\r',374,NULL,NULL,NULL),
(1513,'FACIA DEL.\r',374,NULL,NULL,NULL),
(1514,'PORTAPLACA DEL.\r',374,NULL,NULL,NULL),
(1515,'MOLDURA D.FACIA DEL.\r',374,NULL,NULL,NULL),
(1516,'JUNTA MULTIPLE ESCAP\r',374,NULL,NULL,NULL),
(1517,'LAMINA AISLANTE TRA.\r',374,NULL,NULL,NULL),
(1518,'REC.INF.MOTOR\r',374,NULL,NULL,NULL),
(1519,'DUCTO AIRE ACOND.\r',374,NULL,NULL,NULL),
(1520,'FILTRO DE AIRE CPL.\r',374,NULL,NULL,NULL),
(1521,'MANG.ADMISION AIRE\r',374,NULL,NULL,NULL),
(1522,'SENSOR ARBOL LEVAS\r',374,NULL,NULL,NULL),
(1523,'ALMA FACIA DEL.\r',374,NULL,NULL,NULL),
(1524,'PARRILLA\r',374,NULL,NULL,NULL),
(1525,'PARRILLA\r',374,NULL,NULL,NULL),
(1526,'COFRE\r',374,NULL,NULL,NULL),
(1527,'BISAGRA I.COFRE\r',374,NULL,NULL,NULL),
(1528,'BISAGRA D.COFRE\r',374,NULL,NULL,NULL),
(1529,'CERRADURA COFRE\r',374,NULL,NULL,NULL),
(1530,'VARILLA COFRE\r',374,NULL,NULL,NULL),
(1531,'FARO I.CPL.\r',374,NULL,NULL,NULL),
(1532,'FARO D.CPL.\r',374,NULL,NULL,NULL),
(1533,'SALPICADERA I.\r',374,NULL,NULL,NULL),
(1534,'SALPICADERA D.\r',374,NULL,NULL,NULL),
(1535,'GUARDAFANGO DEL.I.\r',374,NULL,NULL,NULL),
(1536,'GUARDAFANGO DEL.D\r',374,NULL,NULL,NULL),
(1537,'MARCO RADIADOR CPL.\r',374,NULL,NULL,NULL),
(1538,'CONDENS.AIRE ACOND.\r',374,NULL,NULL,NULL),
(1539,'RADIADOR\r',374,NULL,NULL,NULL),
(1540,'CANAL VENTILAC.CPL.\r',374,NULL,NULL,NULL),
(1541,'CALAVERA I.\r',375,NULL,NULL,NULL),
(1542,'FACIA TRA.\r',375,NULL,NULL,NULL),
(1543,'CALAVERA INT.I.\r',375,NULL,NULL,NULL),
(1544,'FACIA DEL.\r',376,NULL,NULL,NULL),
(1545,'PARRILLA\r',376,NULL,NULL,NULL),
(1546,'MARCO RADIADOR\r',376,NULL,NULL,NULL),
(1547,'FARO I.CPL.\r',376,NULL,NULL,NULL),
(1548,'GUARDAFANGO DEL.I.\r',376,NULL,NULL,NULL),
(1549,'MOLD.PARRILLA PINT.\r',376,NULL,NULL,NULL),
(1550,'MOLDURA FACIA TRA.\r',377,NULL,NULL,NULL),
(1551,'MOLDURA I.FACIA TRA.\r',377,NULL,NULL,NULL),
(1552,'MOLDU.D.FACIA TRA.\r',377,NULL,NULL,NULL),
(1553,'FACIA TRA.\r',377,NULL,NULL,NULL),
(1554,'REFLECTOR TRA.D.\r',377,NULL,NULL,NULL),
(1555,'ABSORB.IMPACTO TRA.\r',377,NULL,NULL,NULL),
(1556,'MOLD.SOP.FACIA TRA.\r',377,NULL,NULL,NULL),
(1557,'TAPA TRA.\r',377,NULL,NULL,NULL),
(1558,'BUJE DEL.I.\r',363,NULL,NULL,NULL),
(1559,'RODAMIENTO DEL.I.\r',363,NULL,NULL,NULL),
(1560,'ACOPL.RESORTE SUP.I.\r',363,NULL,NULL,NULL),
(1561,'MANGUETA DEL.I.\r',363,NULL,NULL,NULL),
(1562,'AMORTIGUADOR DEL.I.\r',363,NULL,NULL,NULL),
(1563,'BRAZO SUSP.INF.DEL.I\r',363,NULL,NULL,NULL),
(1564,'GUARDAFANGO DEL.I.\r',363,NULL,NULL,NULL),
(1565,'FACIA DEL.\r',363,NULL,NULL,NULL),
(1566,'SOP.GOMA RESOR.DEL.I\r',363,NULL,NULL,NULL),
(1567,'LLANTA DEL.I.\r',363,NULL,NULL,NULL),
(1568,'ROTULA I.DIRECC.\r',363,NULL,NULL,NULL),
(1569,'BIELETA I.DIRECCION\r',363,NULL,NULL,NULL),
(1570,'TIRANTE INF.I.\r',363,NULL,NULL,NULL),
(1571,'PORTA PLACA PROPAGAN\r',379,NULL,NULL,NULL),
(1572,'CERRADURA COFRE\r',380,NULL,NULL,NULL),
(1573,'EMBLEMA VW DEL.\r',380,NULL,NULL,NULL),
(1574,'EMBLEMA FABRICANTE\r',380,NULL,NULL,NULL),
(1575,'EMBLEMA MODELO\r',380,NULL,NULL,NULL),
(1576,'AMORTIG.TRA.I.(GAS)\r',380,NULL,NULL,NULL),
(1577,'AMORTIG.TRA.D.(GAS)\r',380,NULL,NULL,NULL),
(1578,'MEDALLON\r',380,NULL,NULL,NULL),
(1579,'CALAVERA I.CPL.\r',380,NULL,NULL,NULL),
(1580,'CALAVERA D.CPL.\r',380,NULL,NULL,NULL),
(1581,'MARCO LATER.I.CPL.\r',380,NULL,NULL,NULL),
(1582,'SALPICADERA D.\r',380,NULL,NULL,NULL),
(1583,'GUARDAFANGO DEL.D\r',380,NULL,NULL,NULL),
(1584,'MARCO RADIADOR\r',380,NULL,NULL,NULL),
(1585,'MARCO LATER.D.CPL.\r',380,NULL,NULL,NULL),
(1586,'FACIA TRA.\r',380,NULL,NULL,NULL),
(1587,'ABSORB.IMPACTO TRA.\r',380,NULL,NULL,NULL),
(1588,'TOLVA DE ESCAPE\r',380,NULL,NULL,NULL),
(1589,'BISAGRA I.COFRE\r',380,NULL,NULL,NULL),
(1590,'BISAGRA D.COFRE\r',380,NULL,NULL,NULL),
(1591,'GANCHO SEG.COFRE\r',380,NULL,NULL,NULL),
(1592,'GUARDAFANGO DEL.I.\r',380,NULL,NULL,NULL),
(1593,'FARO I.CPL.\r',380,NULL,NULL,NULL),
(1594,'FARO D.CPL.\r',380,NULL,NULL,NULL),
(1595,'TAPA CAJUELA\r',380,NULL,NULL,NULL),
(1596,'JTA.TAPA CAJUELA\r',380,NULL,NULL,NULL),
(1597,'CONDENSADOR\r',380,NULL,NULL,NULL),
(1598,'MANG.EVAP./CONDEN.DL\r',380,NULL,NULL,NULL),
(1599,'REVEST.TAPA CAJUELA\r',380,NULL,NULL,NULL),
(1600,'CLIPS DE FIJACION\r',380,NULL,NULL,NULL),
(1601,'SOP.SUP.I.RADIADOR\r',380,NULL,NULL,NULL),
(1602,'SOP.SUP.D.RADIADOR\r',380,NULL,NULL,NULL),
(1603,'SOP.INF.I.RADIADOR\r',380,NULL,NULL,NULL),
(1604,'REFUERZO INF.I.\r',380,NULL,NULL,NULL),
(1605,'REFUERZO INF.D.\r',380,NULL,NULL,NULL),
(1606,'SOP.CERRAD.TAPA CAJU\r',380,NULL,NULL,NULL),
(1607,'BISAGRA I.TAPA CAJU.\r',380,NULL,NULL,NULL),
(1608,'BISAGRA D.TAPA CAJUE\r',380,NULL,NULL,NULL),
(1609,'CERRAD.TAPA CAJUELA\r',380,NULL,NULL,NULL),
(1610,'MANIJA TAPA CAJUELA\r',380,NULL,NULL,NULL),
(1611,'RADIADOR\r',380,NULL,NULL,NULL),
(1612,'SOP.INF.D.RADIADOR\r',380,NULL,NULL,NULL),
(1613,'DEFLEC.AIRE I.RADIAD\r',380,NULL,NULL,NULL),
(1614,'DEFLEC.AIRE D.RADIAD\r',380,NULL,NULL,NULL),
(1615,'MOTOVENTILADOR CPL.\r',380,NULL,NULL,NULL),
(1616,'BOCINA CLAXON\r',380,NULL,NULL,NULL),
(1617,'FACIA DEL.\r',380,NULL,NULL,NULL),
(1618,'SOP.I.FACIA DEL.\r',380,NULL,NULL,NULL),
(1619,'SOP.D.FACIA DEL.\r',380,NULL,NULL,NULL),
(1620,'REJI.INF.FACIA DEL.\r',380,NULL,NULL,NULL),
(1621,'ABSORB.IMPACTO DEL.I\r',380,NULL,NULL,NULL),
(1622,'ABSORB.IMPACTO DEL.D\r',380,NULL,NULL,NULL),
(1623,'ALMA FACIA DEL.\r',380,NULL,NULL,NULL),
(1624,'PARRILLA\r',380,NULL,NULL,NULL),
(1625,'COFRE\r',380,NULL,NULL,NULL),
(1626,'SOP.EXT.I.FACIA DEL.\r',361,NULL,NULL,NULL),
(1627,'SALPICADERA I.\r',361,NULL,NULL,NULL),
(1628,'RIN DEL.I.\r',361,NULL,NULL,NULL),
(1629,'ACOP.BAR.ESTAB.I.\r',361,NULL,NULL,NULL),
(1630,'LLANTA DEL.I.\r',361,NULL,NULL,NULL),
(1631,'TAPON DEL.I.\r',361,NULL,NULL,NULL),
(1632,'BIELETA I.DIRECCION\r',361,NULL,NULL,NULL),
(1633,'BUJE DEL.I.\r',361,NULL,NULL,NULL),
(1634,'JGO.RODAMIENT.DEL.I.\r',361,NULL,NULL,NULL),
(1635,'BASE AMORTIG.DEL.I.\r',361,NULL,NULL,NULL),
(1636,'AMORTIGUADOR DEL.I.\r',361,NULL,NULL,NULL),
(1637,'MANGUETA DEL.I.\r',361,NULL,NULL,NULL),
(1638,'ROTULA DEL.I.\r',361,NULL,NULL,NULL),
(1639,'BRAZO SUSP.DEL.I.\r',361,NULL,NULL,NULL),
(1640,'GUARDAFANGO DEL.I.\r',361,NULL,NULL,NULL),
(1641,'FACIA DEL.\r',361,NULL,NULL,NULL),
(1642,'CALAVERA I.\r',375,NULL,NULL,NULL),
(1643,'FACIA TRA.\r',375,NULL,NULL,NULL),
(1644,'CALAVERA INT.I.\r',375,NULL,NULL,NULL),
(1645,'MARCO RADIADOR\r',383,NULL,NULL,NULL),
(1646,'DUCTO AIRE DEL.\r',383,NULL,NULL,NULL),
(1647,'DEFLECTOR AIRE\r',383,NULL,NULL,NULL),
(1648,'DEFLECTOR AIRE INF.\r',383,NULL,NULL,NULL),
(1649,'DEFLECTOR\r',383,NULL,NULL,NULL),
(1650,'ACTUADOR VENTIL.MOT.\r',383,NULL,NULL,NULL),
(1651,'MARCO D.TAPA CAJUELA\r',384,NULL,NULL,NULL),
(1652,'TAPA CAJUELA\r',384,NULL,NULL,NULL),
(1653,'MOLDURA ESCAPE TRA.D\r',384,NULL,NULL,NULL),
(1654,'SILENCIADOR TRA.\r',384,NULL,NULL,NULL),
(1655,'LODERA D.\r',384,NULL,NULL,NULL),
(1656,'REVEST.TOLVA ESCAPES\r',384,NULL,NULL,NULL),
(1657,'REV.INF.COSTADO D.\r',384,NULL,NULL,NULL),
(1658,'MOLD.COSTADO D.\r',384,NULL,NULL,NULL),
(1659,'LODERA TRA.D.\r',384,NULL,NULL,NULL),
(1660,'ALMA FACIA TRA.\r',384,NULL,NULL,NULL),
(1661,'TOLVA DE ESCAPE\r',384,NULL,NULL,NULL),
(1662,'PALAN.APERT.CAJUELA\r',384,NULL,NULL,NULL),
(1663,'PROTEC.BORDE PUER.TR\r',384,NULL,NULL,NULL),
(1664,'CERRAD.TAPA CAJUELA\r',384,NULL,NULL,NULL),
(1665,'COSTADO D.\r',384,NULL,NULL,NULL),
(1666,'MOLD.TAPA CAJUELA\r',384,NULL,NULL,NULL),
(1667,'CALAVERA EXT.D.CPL.\r',384,NULL,NULL,NULL),
(1668,'CALAVERA INT.D.CPL.\r',384,NULL,NULL,NULL),
(1669,'REFLECTOR D.FACIA TR\r',384,NULL,NULL,NULL),
(1670,'SOP.EXT.D.FACIA TRA.\r',384,NULL,NULL,NULL),
(1671,'AISLANTE TERMIC.TRA.\r',384,NULL,NULL,NULL),
(1672,'REC.D.FACIA TRA.\r',384,NULL,NULL,NULL),
(1673,'LLANTA TRA.D.\r',384,NULL,NULL,NULL),
(1674,'ANTENA APERTURA CAJ\r',384,NULL,NULL,NULL),
(1675,'FACIA TRA.\r',384,NULL,NULL,NULL),
(1676,'REC.INF.FACIA TRA.\r',384,NULL,NULL,NULL),
(1677,'FACIA TRA.D.\r',384,NULL,NULL,NULL),
(1678,'SOP.D.INT.FACIA TRA.\r',384,NULL,NULL,NULL),
(1679,'PISO TRA.\r',384,NULL,NULL,NULL),
(1680,'LAMINA UNION TRA.D.\r',384,NULL,NULL,NULL),
(1681,'PUERTA DEL.D.\r',355,NULL,NULL,NULL),
(1682,'ESTRIBO D\r',355,NULL,NULL,NULL),
(1683,'MOLDURA TRA.D.\r',355,NULL,NULL,NULL),
(1684,'MOLDURA DEL.D.\r',355,NULL,NULL,NULL),
(1685,'MOLD.CANTONERA TRA.D\r',370,NULL,NULL,NULL),
(1686,'MOLD.CANTO.PUE.TRA.D\r',370,NULL,NULL,NULL),
(1687,'MANIJA EXT.PUE.TRA.D\r',370,NULL,NULL,NULL),
(1688,'REFLECTOR TRA.D.\r',377,NULL,NULL,NULL),
(1689,'FACIA TRA.\r',377,NULL,NULL,NULL),
(1690,'TAPA TRA.\r',377,NULL,NULL,NULL),
(1691,'MOLDU.D.FACIA TRA.\r',377,NULL,NULL,NULL),
(1692,'MOLDURA I.FACIA TRA.\r',377,NULL,NULL,NULL),
(1693,'MOLDURA FACIA TRA.\r',377,NULL,NULL,NULL),
(1694,'MOLD.SOP.FACIA TRA.\r',377,NULL,NULL,NULL),
(1695,'ABSORB.IMPACTO TRA.\r',377,NULL,NULL,NULL),
(1696,'FACIA DEL.\r',364,NULL,NULL,NULL),
(1697,'ALMA FACIA DEL.\r',364,NULL,NULL,NULL),
(1698,'FARO I.CPL.\r',364,NULL,NULL,NULL),
(1699,'FARO D.CPL.\r',364,NULL,NULL,NULL),
(1700,'PARRILLA\r',364,NULL,NULL,NULL),
(1701,'SOP.SALPICADERA I.\r',364,NULL,NULL,NULL),
(1702,'MARCO RADIADOR\r',364,NULL,NULL,NULL),
(1703,'SOP.SALPICADADERA D.\r',364,NULL,NULL,NULL),
(1704,'ALMA FACIA DEL.\r',389,NULL,NULL,NULL),
(1705,'PARRILLA\r',389,NULL,NULL,NULL),
(1706,'REJILLA VENTIL.DEL.\r',389,NULL,NULL,NULL),
(1707,'SOPORTE D.\r',389,NULL,NULL,NULL),
(1708,'SOPORTE I.\r',389,NULL,NULL,NULL),
(1709,'FACIA DEL.\r',389,NULL,NULL,NULL),
(1710,'SOP.EXT.I.FACIA DEL.\r',389,NULL,NULL,NULL),
(1711,'SOP.EXT.D.FACIA DEL.\r',389,NULL,NULL,NULL),
(1712,'MOLD.FARO ANTINIEB.D\r',389,NULL,NULL,NULL),
(1713,'EMBL.FABRICANTE DEL.\r',389,NULL,NULL,NULL),
(1714,'COFRE\r',389,NULL,NULL,NULL),
(1715,'FARO D.\r',389,NULL,NULL,NULL),
(1716,'VENTILAD.AIRE ACOND.\r',389,NULL,NULL,NULL),
(1717,'RADIADOR\r',389,NULL,NULL,NULL),
(1718,'REJILLA PROTEC.VENT.\r',389,NULL,NULL,NULL),
(1719,'CONDENSADOR CPL.\r',389,NULL,NULL,NULL),
(1720,'ABSORB.IMPACTO DEL.\r',389,NULL,NULL,NULL),
(1721,'CALAVERA D.\r',390,NULL,NULL,NULL),
(1722,'SOP.LAT.D.FACIA TRA.\r',390,NULL,NULL,NULL),
(1723,'FACIA TRA.\r',390,NULL,NULL,NULL),
(1724,'CALAVERA INT.D.\r',390,NULL,NULL,NULL),
(1725,'GUIA INF CALAV DER\r',390,NULL,NULL,NULL),
(1726,'MOLD.SOP.FACIA TRA.\r',390,NULL,NULL,NULL),
(1727,'BANDA DISTRIB.\r',380,NULL,NULL,NULL),
(1728,'SENS.PRES.MULT.ADMIS\r',380,NULL,NULL,NULL),
(1729,'LAMINA TERMICA\r',380,NULL,NULL,NULL),
(1730,'SALPICADERA D.\r',380,NULL,NULL,NULL),
(1731,'GANCHO SEG.COFRE\r',380,NULL,NULL,NULL),
(1732,'FARO I.CPL.\r',380,NULL,NULL,NULL),
(1733,'FARO D.CPL.\r',380,NULL,NULL,NULL),
(1734,'GUARDAFANGO DEL.I.\r',380,NULL,NULL,NULL),
(1735,'GUARDAFANGO DEL.D\r',380,NULL,NULL,NULL),
(1736,'MARCO RADIADOR\r',380,NULL,NULL,NULL),
(1737,'MARCO LATER.D.CPL.\r',380,NULL,NULL,NULL),
(1738,'JTA.TAPA CAJUELA\r',380,NULL,NULL,NULL),
(1739,'REFUERZO INF.D.\r',380,NULL,NULL,NULL),
(1740,'SOP.CERRAD.TAPA CAJU\r',380,NULL,NULL,NULL),
(1741,'TAPA CAJUELA\r',380,NULL,NULL,NULL),
(1742,'BISAGRA I.TAPA CAJU.\r',380,NULL,NULL,NULL),
(1743,'BISAGRA D.TAPA CAJUE\r',380,NULL,NULL,NULL),
(1744,'SOP.INF.I.RADIADOR\r',380,NULL,NULL,NULL),
(1745,'SOP.INF.D.RADIADOR\r',380,NULL,NULL,NULL),
(1746,'REJI.INF.FACIA DEL.\r',380,NULL,NULL,NULL),
(1747,'FACIA DEL.\r',380,NULL,NULL,NULL),
(1748,'DEFLEC.AIRE I.RADIAD\r',380,NULL,NULL,NULL),
(1749,'BISAGRA D.COFRE\r',380,NULL,NULL,NULL),
(1750,'EMBLEMA VW DEL.\r',380,NULL,NULL,NULL),
(1751,'COFRE\r',380,NULL,NULL,NULL),
(1752,'BISAGRA I.COFRE\r',380,NULL,NULL,NULL),
(1753,'CERRADURA COFRE\r',380,NULL,NULL,NULL),
(1754,'PARRILLA\r',380,NULL,NULL,NULL),
(1755,'AMORTIG.TRA.D.(GAS)\r',380,NULL,NULL,NULL),
(1756,'CERRAD.TAPA CAJUELA\r',380,NULL,NULL,NULL),
(1757,'MANIJA TAPA CAJUELA\r',380,NULL,NULL,NULL),
(1758,'AMORTIG.TRA.I.(GAS)\r',380,NULL,NULL,NULL),
(1759,'EMBLEMA FABRICANTE\r',380,NULL,NULL,NULL),
(1760,'EMBLEMA MODELO\r',380,NULL,NULL,NULL),
(1761,'MEDALLON\r',380,NULL,NULL,NULL),
(1762,'CALAVERA I.CPL.\r',380,NULL,NULL,NULL),
(1763,'CALAVERA D.CPL.\r',380,NULL,NULL,NULL),
(1764,'CLIPS DE FIJACION\r',380,NULL,NULL,NULL),
(1765,'CONDENSADOR\r',380,NULL,NULL,NULL),
(1766,'MANG.EVAP./CONDEN.DL\r',380,NULL,NULL,NULL),
(1767,'REFUERZO INF.I.\r',380,NULL,NULL,NULL),
(1768,'FACIA TRA.\r',380,NULL,NULL,NULL),
(1769,'ABSORB.IMPACTO TRA.\r',380,NULL,NULL,NULL),
(1770,'TOLVA DE ESCAPE\r',380,NULL,NULL,NULL),
(1771,'REVEST.TAPA CAJUELA\r',380,NULL,NULL,NULL),
(1772,'SOP.SUP.I.RADIADOR\r',380,NULL,NULL,NULL),
(1773,'SOP.SUP.D.RADIADOR\r',380,NULL,NULL,NULL),
(1774,'ABSORB.IMPACTO DEL.D\r',380,NULL,NULL,NULL),
(1775,'SOP.I.FACIA DEL.\r',380,NULL,NULL,NULL),
(1776,'SOP.D.FACIA DEL.\r',380,NULL,NULL,NULL),
(1777,'ABSORB.IMPACTO DEL.I\r',380,NULL,NULL,NULL),
(1778,'ALMA FACIA DEL.\r',380,NULL,NULL,NULL),
(1779,'BOCINA CLAXON\r',380,NULL,NULL,NULL),
(1780,'RESISTENCIA MOTO VEN\r',380,NULL,NULL,NULL),
(1781,'MANGUERA RADIAD.SUP.\r',380,NULL,NULL,NULL),
(1782,'MOTOVENTILADOR CPL.\r',380,NULL,NULL,NULL),
(1783,'DEFLEC.AIRE D.RADIAD\r',380,NULL,NULL,NULL),
(1784,'RADIADOR\r',380,NULL,NULL,NULL),
(1785,'TUBO SUP.DEP.EXPAN.\r',380,NULL,NULL,NULL),
(1786,'ROTULA DEL.I.\r',361,NULL,NULL,NULL),
(1787,'FACIA DEL.\r',361,NULL,NULL,NULL),
(1788,'SALPICADERA I.\r',361,NULL,NULL,NULL),
(1789,'BRAZO SUSP.DEL.I.\r',361,NULL,NULL,NULL),
(1790,'AMORTIGUADOR DEL.I.\r',361,NULL,NULL,NULL),
(1791,'BASE AMORTIG.DEL.I.\r',361,NULL,NULL,NULL),
(1792,'JGO.RODAMIENT.DEL.I.\r',361,NULL,NULL,NULL),
(1793,'BUJE DEL.I.\r',361,NULL,NULL,NULL),
(1794,'RIN DEL.I.\r',361,NULL,NULL,NULL),
(1795,'TAPON DEL.I.\r',361,NULL,NULL,NULL),
(1796,'LLANTA DEL.I.\r',361,NULL,NULL,NULL),
(1797,'ACOP.BAR.ESTAB.I.\r',361,NULL,NULL,NULL),
(1798,'BIELETA I.DIRECCION\r',361,NULL,NULL,NULL),
(1799,'GUARDAFANGO DEL.I.\r',361,NULL,NULL,NULL),
(1800,'SOP.EXT.I.FACIA DEL.\r',361,NULL,NULL,NULL),
(1801,'PARRILLA\r',364,NULL,NULL,NULL),
(1802,'ALMA FACIA DEL.\r',364,NULL,NULL,NULL),
(1803,'FACIA DEL.\r',364,NULL,NULL,NULL),
(1804,'MARCO RADIADOR\r',364,NULL,NULL,NULL),
(1805,'SOP.SALPICADERA I.\r',364,NULL,NULL,NULL),
(1806,'FARO I.CPL.\r',364,NULL,NULL,NULL),
(1807,'GUARDAFANGO DEL.I.\r',363,NULL,NULL,NULL),
(1808,'BRAZO SUSP.INF.DEL.I\r',363,NULL,NULL,NULL),
(1809,'AMORTIGUADOR DEL.I.\r',363,NULL,NULL,NULL),
(1810,'ACOPL.RESORTE SUP.I.\r',363,NULL,NULL,NULL),
(1811,'RODAMIENTO DEL.I.\r',363,NULL,NULL,NULL),
(1812,'FACIA DEL.\r',363,NULL,NULL,NULL),
(1813,'LLANTA DEL.I.\r',363,NULL,NULL,NULL),
(1814,'TIRANTE INF.I.\r',363,NULL,NULL,NULL),
(1815,'BIELETA I.DIRECCION\r',363,NULL,NULL,NULL),
(1816,'ROTULA I.DIRECC.\r',363,NULL,NULL,NULL),
(1817,'SOP.GOMA RESOR.DEL.I\r',363,NULL,NULL,NULL),
(1818,'BUJE DEL.I.\r',363,NULL,NULL,NULL),
(1819,'CALAVERA D.\r',390,NULL,NULL,NULL),
(1820,'SOP.LAT.D.FACIA TRA.\r',390,NULL,NULL,NULL),
(1821,'CALAVERA INT.D.\r',390,NULL,NULL,NULL),
(1822,'GUIA INF CALAV DER\r',390,NULL,NULL,NULL),
(1823,'MOLD.SOP.FACIA TRA.\r',390,NULL,NULL,NULL),
(1824,'FACIA TRA.\r',390,NULL,NULL,NULL),
(1825,'PORTA PLACA PROPAGAN\r',379,NULL,NULL,NULL),
(1826,'FARO I.\r',397,NULL,NULL,NULL),
(1827,'JGO.RODAMIENT.DEL.I.\r',361,NULL,NULL,NULL),
(1828,'BUJE DEL.I.\r',361,NULL,NULL,NULL),
(1829,'AMORTIGUADOR DEL.I.\r',361,NULL,NULL,NULL),
(1830,'ROTULA DEL.I.\r',361,NULL,NULL,NULL),
(1831,'BRAZO SUSP.DEL.I.\r',361,NULL,NULL,NULL),
(1832,'GUARDAFANGO DEL.I.\r',361,NULL,NULL,NULL),
(1833,'SALPICADERA I.\r',361,NULL,NULL,NULL),
(1834,'SOP.EXT.I.FACIA DEL.\r',361,NULL,NULL,NULL),
(1835,'FACIA DEL.\r',361,NULL,NULL,NULL),
(1836,'BIELETA I.DIRECCION\r',361,NULL,NULL,NULL),
(1837,'ACOP.BAR.ESTAB.I.\r',361,NULL,NULL,NULL),
(1838,'LLANTA DEL.I.\r',361,NULL,NULL,NULL),
(1839,'TAPON DEL.I.\r',361,NULL,NULL,NULL),
(1840,'RIN DEL.I.\r',361,NULL,NULL,NULL),
(1841,'BASE AMORTIG.DEL.I.\r',361,NULL,NULL,NULL),
(1842,'FARO D.CPL.\r',399,NULL,NULL,NULL),
(1843,'DESBLOQUEO\r',399,NULL,NULL,NULL),
(1844,'PARTE INF.CERRADURA\r',399,NULL,NULL,NULL),
(1845,'PARRILLA CPL.\r',399,NULL,NULL,NULL),
(1846,'SOP.EXT.D.FACIA DEL.\r',399,NULL,NULL,NULL),
(1847,'FACIA DEL.\r',399,NULL,NULL,NULL),
(1848,'GUARDAFANGO DEL.D\r',399,NULL,NULL,NULL),
(1849,'CALAVERA D.\r',400,NULL,NULL,NULL),
(1850,'FACIA TRA.\r',400,NULL,NULL,NULL),
(1851,'MARCO D.TAPA CAJUELA\r',384,NULL,NULL,NULL),
(1852,'LODERA D.\r',384,NULL,NULL,NULL),
(1853,'COSTADO D.\r',384,NULL,NULL,NULL),
(1854,'REFLECTOR D.FACIA TR\r',384,NULL,NULL,NULL),
(1855,'CALAVERA INT.D.CPL.\r',384,NULL,NULL,NULL),
(1856,'CALAVERA EXT.D.CPL.\r',384,NULL,NULL,NULL),
(1857,'MOLD.TAPA CAJUELA\r',384,NULL,NULL,NULL),
(1858,'CERRAD.TAPA CAJUELA\r',384,NULL,NULL,NULL),
(1859,'PROTEC.BORDE PUER.TR\r',384,NULL,NULL,NULL),
(1860,'PALAN.APERT.CAJUELA\r',384,NULL,NULL,NULL),
(1861,'TAPA CAJUELA\r',384,NULL,NULL,NULL),
(1862,'TOLVA DE ESCAPE\r',384,NULL,NULL,NULL),
(1863,'ALMA FACIA TRA.\r',384,NULL,NULL,NULL),
(1864,'SOP.EXT.D.FACIA TRA.\r',384,NULL,NULL,NULL),
(1865,'SOP.D.INT.FACIA TRA.\r',384,NULL,NULL,NULL),
(1866,'REC.D.FACIA TRA.\r',384,NULL,NULL,NULL),
(1867,'FACIA TRA.D.\r',384,NULL,NULL,NULL),
(1868,'REC.INF.FACIA TRA.\r',384,NULL,NULL,NULL),
(1869,'FACIA TRA.\r',384,NULL,NULL,NULL),
(1870,'ANTENA APERTURA CAJ\r',384,NULL,NULL,NULL),
(1871,'LLANTA TRA.D.\r',384,NULL,NULL,NULL),
(1872,'AISLANTE TERMIC.TRA.\r',384,NULL,NULL,NULL),
(1873,'MOLDURA ESCAPE TRA.D\r',384,NULL,NULL,NULL),
(1874,'SILENCIADOR TRA.\r',384,NULL,NULL,NULL),
(1875,'REVEST.TOLVA ESCAPES\r',384,NULL,NULL,NULL),
(1876,'REV.INF.COSTADO D.\r',384,NULL,NULL,NULL),
(1877,'LAMINA UNION TRA.D.\r',384,NULL,NULL,NULL),
(1878,'PISO TRA.\r',384,NULL,NULL,NULL),
(1879,'MOLD.COSTADO D.\r',384,NULL,NULL,NULL),
(1880,'LODERA TRA.D.\r',384,NULL,NULL,NULL),
(1881,'SOP.EXT.I.FACIA DEL.\r',402,NULL,NULL,NULL),
(1882,'FARO I.CPL.\r',402,NULL,NULL,NULL),
(1883,'TAPA I. FAROS ANTIN.\r',402,NULL,NULL,NULL),
(1884,'REJILLA AIRE INF.DEL\r',402,NULL,NULL,NULL),
(1885,'REJILLA I.FACIA DEL.\r',402,NULL,NULL,NULL),
(1886,'FACIA DEL.\r',402,NULL,NULL,NULL),
(1887,'AMORTIGUADOR DEL.I.\r',402,NULL,NULL,NULL),
(1888,'BOMBA LIMPIAPARAB.\r',402,NULL,NULL,NULL),
(1889,'DEPOSITO LIMPIADORES\r',402,NULL,NULL,NULL),
(1890,'TUBO LLENADO DEP.\r',402,NULL,NULL,NULL),
(1891,'BASE INF.I.FARO\r',402,NULL,NULL,NULL),
(1892,'SALPICADERA I.\r',402,NULL,NULL,NULL),
(1893,'FARO ANTINIEBLA I.\r',402,NULL,NULL,NULL),
(1894,'PUERTA DEL.D.\r',355,NULL,NULL,NULL),
(1895,'ESTRIBO D\r',355,NULL,NULL,NULL),
(1896,'MOLDURA TRA.D.\r',355,NULL,NULL,NULL),
(1897,'MOLDURA DEL.D.\r',355,NULL,NULL,NULL),
(1898,'FACIA DEL.\r',364,NULL,NULL,NULL),
(1899,'ALMA FACIA DEL.\r',364,NULL,NULL,NULL),
(1900,'PARRILLA\r',364,NULL,NULL,NULL),
(1901,'MARCO RADIADOR\r',364,NULL,NULL,NULL),
(1902,'SOP.SALPICADERA I.\r',364,NULL,NULL,NULL),
(1903,'FARO I.CPL.\r',364,NULL,NULL,NULL),
(1904,'FACIA TRA.\r',405,NULL,NULL,NULL),
(1905,'LUZ PLACA D.CPL.\r',405,NULL,NULL,NULL),
(1906,'ABSORB.IMPACTO TRA.\r',405,NULL,NULL,NULL),
(1907,'FARO I.\r',397,NULL,NULL,NULL),
(1908,'CALAVERA I.\r',375,NULL,NULL,NULL),
(1909,'FACIA TRA.\r',375,NULL,NULL,NULL),
(1910,'CALAVERA INT.I.\r',375,NULL,NULL,NULL),
(1911,'FACIA DEL.\r',408,NULL,NULL,NULL),
(1912,'PARRILLA\r',408,NULL,NULL,NULL),
(1913,'SOP.FACIA DEL.I.\r',408,NULL,NULL,NULL),
(1914,'FARO I.CPL.\r',408,NULL,NULL,NULL),
(1915,'COFRE\r',408,NULL,NULL,NULL),
(1916,'PUERTA TRA.I.\r',409,NULL,NULL,NULL),
(1917,'MOLD.PROTEC.I.\r',409,NULL,NULL,NULL),
(1918,'MANIJA EXT.PUE.DEL.I\r',409,NULL,NULL,NULL),
(1919,'MOLD.MANIJA DEL.I.\r',409,NULL,NULL,NULL),
(1920,'SOP.INT.MANIJA DEL.I\r',409,NULL,NULL,NULL),
(1921,'GUARDAFANGO DEL.I.\r',410,NULL,NULL,NULL),
(1922,'FACIA DEL.\r',410,NULL,NULL,NULL),
(1923,'MOLD.REJ.RADIAD.I.\r',410,NULL,NULL,NULL),
(1924,'SOP.I.FACIA DEL.\r',410,NULL,NULL,NULL),
(1925,'JUNTA TAPA CAJUELA\r',411,NULL,NULL,NULL),
(1926,'CALAVERA I.\r',411,NULL,NULL,NULL),
(1927,'FACIA TRA.\r',411,NULL,NULL,NULL),
(1928,'REFLECTOR TRA.I.\r',411,NULL,NULL,NULL),
(1929,'MOLD.REFLECTOR I.\r',411,NULL,NULL,NULL),
(1930,'REJI.VENTIL.TRA.\r',411,NULL,NULL,NULL),
(1931,'SOP.I.EXT.FACIA TRA.\r',411,NULL,NULL,NULL),
(1932,'TIRANTE INF.I.\r',363,NULL,NULL,NULL),
(1933,'LLANTA DEL.I.\r',363,NULL,NULL,NULL),
(1934,'BUJE DEL.I.\r',363,NULL,NULL,NULL),
(1935,'RODAMIENTO DEL.I.\r',363,NULL,NULL,NULL),
(1936,'SOP.GOMA RESOR.DEL.I\r',363,NULL,NULL,NULL),
(1937,'BIELETA I.DIRECCION\r',363,NULL,NULL,NULL),
(1938,'ACOPL.RESORTE SUP.I.\r',363,NULL,NULL,NULL),
(1939,'BRAZO SUSP.INF.DEL.I\r',363,NULL,NULL,NULL),
(1940,'GUARDAFANGO DEL.I.\r',363,NULL,NULL,NULL),
(1941,'ROTULA I.DIRECC.\r',363,NULL,NULL,NULL),
(1942,'AMORTIGUADOR DEL.I.\r',363,NULL,NULL,NULL),
(1943,'FACIA DEL.\r',363,NULL,NULL,NULL),
(1944,'ABSORB.IMPACTO TRA.\r',405,NULL,NULL,NULL),
(1945,'FACIA TRA.\r',405,NULL,NULL,NULL),
(1946,'LUZ PLACA D.CPL.\r',405,NULL,NULL,NULL),
(1947,'MOLD.PROTEC.I.\r',409,NULL,NULL,NULL),
(1948,'SOP.INT.MANIJA DEL.I\r',409,NULL,NULL,NULL),
(1949,'MOLD.MANIJA DEL.I.\r',409,NULL,NULL,NULL),
(1950,'MANIJA EXT.PUE.DEL.I\r',409,NULL,NULL,NULL),
(1951,'PUERTA TRA.I.\r',409,NULL,NULL,NULL),
(1952,'MOLD.REJ.RADIAD.I.\r',410,NULL,NULL,NULL),
(1953,'GUARDAFANGO DEL.I.\r',410,NULL,NULL,NULL),
(1954,'FACIA DEL.\r',410,NULL,NULL,NULL),
(1955,'SOP.I.FACIA DEL.\r',410,NULL,NULL,NULL),
(1956,'DESBLOQUEO\r',399,NULL,NULL,NULL),
(1957,'FARO D.CPL.\r',399,NULL,NULL,NULL),
(1958,'GUARDAFANGO DEL.D\r',399,NULL,NULL,NULL),
(1959,'PARTE INF.CERRADURA\r',399,NULL,NULL,NULL),
(1960,'SOP.EXT.D.FACIA DEL.\r',399,NULL,NULL,NULL),
(1961,'PARRILLA CPL.\r',399,NULL,NULL,NULL),
(1962,'FACIA DEL.\r',399,NULL,NULL,NULL),
(1963,'FACIA TRA.\r',411,NULL,NULL,NULL),
(1964,'SOP.I.EXT.FACIA TRA.\r',411,NULL,NULL,NULL),
(1965,'JUNTA TAPA CAJUELA\r',411,NULL,NULL,NULL),
(1966,'REJI.VENTIL.TRA.\r',411,NULL,NULL,NULL),
(1967,'REFLECTOR TRA.I.\r',411,NULL,NULL,NULL),
(1968,'MOLD.REFLECTOR I.\r',411,NULL,NULL,NULL),
(1969,'CALAVERA I.\r',411,NULL,NULL,NULL),
(1970,'MOLD.INF.FACIA DEL.\r',418,10,'',NULL),
(1971,'GUARDAFANGO DEL.D\r',418,7,'',NULL),
(1972,'BOBINA ENC. 1\r',419,7,NULL,NULL),
(1973,'BOBINA ENC. 2\r',419,11,'El taller se encontraba clausurado',NULL),
(1974,'BOBINA ENC. 3\r',419,7,NULL,NULL),
(1975,'BOBINA ENC. 4\r',419,7,NULL,NULL),
(1976,'SONDA LAMBDA\r',419,10,NULL,NULL),
(1977,'REC.FAROS ANTINIEBLA\r',418,9,'',NULL),
(1978,'DEPOS.LIMPIACR.CPL.\r',421,8,NULL,NULL),
(1979,'LLANTA DEL.D.\r',421,1,NULL,NULL),
(1980,'BRAZO SUSP.DL.D.INF.\r',421,9,NULL,NULL),
(1981,'AMORTIGUADOR DEL.D.\r',421,7,NULL,NULL),
(1982,'FACIA DEL.\r',422,1,NULL,NULL),
(1983,'TAPA D.FACIA\r',422,11,'Taller cerrado, se reporta a Molduplastic',NULL),
(1984,'GUARDAFANGO D.\r',422,1,NULL,NULL),
(1985,'GUARDAFANGO I.\r',422,8,NULL,NULL),
(1986,'FARO D.\r',422,1,NULL,NULL),
(1987,'FARO ANTINIEB.D.CPL.\r',422,9,NULL,NULL),
(1988,'SOP.D.FACIA DEL.\r',422,10,NULL,NULL),
(1989,'SOP.I.FACIA DEL.\r',422,10,NULL,NULL),
(1990,'LUZ PLACA\r',423,8,NULL,NULL),
(1991,'EMBLEMA MODELO\r',423,9,NULL,NULL),
(1992,'FACIA DEL.\r',424,1,NULL,NULL),
(1993,'SALPICADERA D.\r',424,9,NULL,NULL),
(1994,'FARO D.\r',424,1,NULL,NULL),
(1995,'CALAVERA EXT.I.\r',425,1,NULL,NULL),
(1996,'PORTAPLACA DEL.\r',426,1,NULL,NULL),
(1997,'SOP.EXT.D.FACIA TRA.\r',426,1,NULL,NULL),
(1998,'SOP.EXT.I.FACIA TRA.\r',426,1,NULL,NULL),
(1999,'ALMA FACIA TRA.\r',426,9,NULL,NULL),
(2000,'REFLECTOR TRA.D.\r',426,1,NULL,NULL),
(2001,'EMBL.FABRICANTE DEL.\r',427,1,NULL,NULL),
(2002,'FACIA DEL.\r',427,1,NULL,NULL),
(2003,'SOP.INT.I.REVEST.DEL\r',427,10,NULL,NULL),
(2004,'SOP.INT.D.REVEST.DEL\r',427,1,NULL,NULL),
(2005,'ABSORBED.IMPACTO DEL\r',427,1,NULL,NULL),
(2006,'GUARDAFANGO DEL.D\r',427,7,NULL,NULL),
(2007,'ALMA FACIA DEL.\r',427,1,NULL,NULL),
(2008,'FARO I.\r',427,1,NULL,NULL),
(2009,'SOP.EXT.I.REVEST.DEL\r',427,7,NULL,NULL),
(2010,'SOP.EXT.D.REVEST.DEL\r',427,9,NULL,NULL),
(2011,'EMBL.FABRICANTE TRA.\r',423,1,NULL,NULL),
(2012,'FACIA TRA.\r',430,1,NULL,NULL),
(2013,'LLANTA DEL.D.\r',431,11,'Se reporta incidencia en el taller, no aparece la pieza por que un mecánico la tomó',NULL),
(2014,'PARRILLA\r',432,1,NULL,NULL),
(2015,'REJILLA FACIA DEL.\r',432,1,NULL,NULL),
(2016,'CRISTAL PUER.DEL.D.\r',433,1,NULL,NULL),
(2017,'CALAVERA EXT.I.\r',434,1,NULL,NULL),
(2018,'LLANTA REFACCION\r',431,7,NULL,NULL),
(2019,'FACIA TRA.\r',426,9,NULL,NULL),
(2020,'REFLECTOR TRA.I.\r',425,8,NULL,NULL),
(2021,'FACIA TRA.\r',438,7,NULL,NULL),
(2022,'FACIA TRA.\r',439,1,NULL,NULL),
(2023,'CALAVERA I.\r',440,1,NULL,NULL),
(2024,'CALAVERA INT.I.\r',440,1,NULL,NULL),
(2025,'MOLDURA CAJUELA\r',440,1,NULL,NULL),
(2026,'PROTEC.INF.PISO\r',440,1,NULL,NULL),
(2027,'TAPA CAJUELA\r',440,8,NULL,NULL),
(2028,'REVEST.TOLVA ESCAPES\r',440,1,NULL,NULL),
(2029,'RIN DEL.I.\r',441,1,NULL,NULL),
(2030,'GUARDAFANGO DEL.D\r',441,1,NULL,NULL),
(2031,'BRAZO SUSP.INF.DEL.I\r',441,1,NULL,NULL),
(2032,'AMORTIG DL I CPL\r',441,7,NULL,NULL),
(2033,'BARRA DEL.\r',441,1,NULL,NULL),
(2034,'MOLD.I.REJILA VENTIL\r',441,9,NULL,NULL),
(2035,'MOLD.D.REJIL.VENTIL.\r',441,1,NULL,NULL),
(2036,'MOLDURA FACIA\r',441,1,NULL,NULL),
(2037,'FARO I.\r',441,9,NULL,NULL),
(2038,'ABSORBED.IMPACTO DEL\r',441,10,NULL,NULL),
(2039,'LAMINA SOP.DEL.I.\r',441,1,NULL,NULL),
(2040,'PARRILLA\r',441,1,NULL,NULL),
(2041,'GUARDAFANGO DEL.I.\r',441,1,NULL,NULL),
(2042,'LAMINA SOP.DEL.D.\r',441,1,NULL,NULL),
(2043,'FACIA DEL.\r',441,1,NULL,NULL),
(2044,'REJILLA I.FACIA\r',441,1,NULL,NULL),
(2045,'COFRE\r',441,1,NULL,NULL),
(2046,'SALPICADERA I.\r',441,10,NULL,NULL),
(2047,'CUARTO LATER.I.\r',441,1,NULL,NULL),
(2048,'FARO ANTINIEBLA I.\r',441,1,NULL,NULL),
(2049,'CONJ.FLECH.MOTR.DL.I\r',441,1,NULL,NULL),
(2050,'BARRA ESTABIL.DEL.I.\r',441,1,NULL,NULL),
(2051,'MOLD.SUP.SALPIC.I.\r',441,1,NULL,NULL),
(2052,'TOPE AMORTIG.DEL.I.\r',441,11,NULL,NULL),
(2053,'TAPON DEL.I.',441,1,NULL,NULL);
/*!40000 ALTER TABLE `piezas` ENABLE KEYS */;
UNLOCK TABLES;

--
-- Table structure for table `recolecciones`
--

DROP TABLE IF EXISTS `recolecciones`;
/*!40101 SET @saved_cs_client     = @@character_set_client */;
/*!40101 SET character_set_client = utf8mb4 */;
CREATE TABLE `recolecciones` (
  `id_recoleccion` int(11) NOT NULL AUTO_INCREMENT,
  `id_taller` int(11) NOT NULL,
  `estatus` int(11) NOT NULL,
  `id_recolector` int(11) DEFAULT NULL,
  `img_checkin` varchar(500) DEFAULT NULL,
  `img_inicio` varchar(500) DEFAULT NULL,
  `img_final` varchar(500) DEFAULT NULL,
  `fecha_completado` datetime DEFAULT NULL,
  PRIMARY KEY (`id_recoleccion`),
  KEY `fk_taller_2` (`id_taller`),
  KEY `fk_recolector` (`id_recolector`),
  CONSTRAINT `fk_recolector` FOREIGN KEY (`id_recolector`) REFERENCES `recolectores` (`id_recolector`),
  CONSTRAINT `fk_taller_2` FOREIGN KEY (`id_taller`) REFERENCES `talleres` (`id_taller`)
) ENGINE=InnoDB AUTO_INCREMENT=123 DEFAULT CHARSET=utf8mb4 COLLATE=utf8mb4_general_ci;
/*!40101 SET character_set_client = @saved_cs_client */;

--
-- Dumping data for table `recolecciones`
--

LOCK TABLES `recolecciones` WRITE;
/*!40000 ALTER TABLE `recolecciones` DISABLE KEYS */;
INSERT INTO `recolecciones` VALUES
(100,23,0,1,NULL,NULL,NULL,NULL),
(101,24,0,1,NULL,NULL,NULL,NULL),
(102,25,0,1,NULL,NULL,NULL,NULL),
(103,26,0,1,NULL,NULL,NULL,NULL),
(104,27,0,1,NULL,NULL,NULL,NULL),
(105,28,0,1,NULL,NULL,NULL,NULL),
(106,29,0,1,NULL,NULL,NULL,NULL),
(107,30,0,1,NULL,NULL,NULL,NULL),
(108,31,0,1,NULL,NULL,NULL,NULL),
(109,32,0,1,NULL,NULL,NULL,NULL),
(110,11,0,1,NULL,NULL,NULL,NULL),
(111,12,0,1,NULL,NULL,NULL,NULL),
(112,13,0,1,NULL,NULL,NULL,NULL),
(113,14,0,1,NULL,NULL,NULL,NULL),
(114,15,0,1,NULL,NULL,NULL,NULL),
(115,16,0,1,NULL,NULL,NULL,NULL),
(116,10,0,1,NULL,NULL,NULL,NULL),
(117,17,0,1,NULL,NULL,NULL,NULL),
(118,18,0,1,NULL,NULL,NULL,NULL),
(119,19,0,1,NULL,NULL,NULL,NULL),
(120,20,0,1,NULL,NULL,NULL,NULL),
(121,21,0,1,NULL,NULL,NULL,NULL),
(122,22,0,1,NULL,NULL,NULL,NULL);
/*!40000 ALTER TABLE `recolecciones` ENABLE KEYS */;
UNLOCK TABLES;

--
-- Table structure for table `recolectores`
--

DROP TABLE IF EXISTS `recolectores`;
/*!40101 SET @saved_cs_client     = @@character_set_client */;
/*!40101 SET character_set_client = utf8mb4 */;
CREATE TABLE `recolectores` (
  `id_recolector` int(11) NOT NULL AUTO_INCREMENT,
  `nombre` varchar(255) DEFAULT NULL,
  `email` varchar(255) DEFAULT NULL,
  `password` varchar(255) DEFAULT NULL,
  `numero_celular` varchar(255) DEFAULT NULL,
  `tmp` varchar(255) DEFAULT NULL,
  PRIMARY KEY (`id_recolector`)
) ENGINE=InnoDB AUTO_INCREMENT=3 DEFAULT CHARSET=utf8mb4 COLLATE=utf8mb4_general_ci;
/*!40101 SET character_set_client = @saved_cs_client */;

--
-- Dumping data for table `recolectores`
--

LOCK TABLES `recolectores` WRITE;
/*!40000 ALTER TABLE `recolectores` DISABLE KEYS */;
INSERT INTO `recolectores` VALUES
(1,'Leonardo Daniel','uncorreo@mail.com','123','111','3310460849'),
(2,'José Jair','uncorreo2@mail.com','123','222','3333555066');
/*!40000 ALTER TABLE `recolectores` ENABLE KEYS */;
UNLOCK TABLES;

--
-- Table structure for table `siniestros`
--

DROP TABLE IF EXISTS `siniestros`;
/*!40101 SET @saved_cs_client     = @@character_set_client */;
/*!40101 SET character_set_client = utf8mb4 */;
CREATE TABLE `siniestros` (
  `id_siniestro` int(11) NOT NULL AUTO_INCREMENT,
  `num_siniestro` varchar(20) DEFAULT NULL,
  `id_recoleccion` int(11) DEFAULT NULL,
  `id_aseguradora` int(11) DEFAULT NULL,
  `fecha` varchar(255) DEFAULT NULL,
  `marca` varchar(255) DEFAULT NULL,
  `modelo` varchar(255) DEFAULT NULL,
  `version` varchar(255) DEFAULT NULL,
  `color` varchar(50) DEFAULT NULL,
  `anio` varchar(10) DEFAULT NULL,
  `fecha_inicio` datetime DEFAULT NULL,
  `img_checkin` varchar(255) DEFAULT NULL,
  `fecha_img_checkin` datetime DEFAULT NULL,
  `img_inicio` varchar(255) DEFAULT NULL,
  `fecha_img_inicio` datetime DEFAULT NULL,
  `img_final` varchar(255) DEFAULT NULL,
  `fecha_img_final` datetime DEFAULT NULL,
  `fecha_finalizado` datetime DEFAULT NULL,
  `id_estatus` int(11) DEFAULT NULL,
  `notas` varchar(255) DEFAULT NULL,
  PRIMARY KEY (`id_siniestro`),
  KEY `fk_recolecciones` (`id_recoleccion`),
  KEY `fk_aseguradora` (`id_aseguradora`),
  KEY `fk_estatus_2` (`id_estatus`),
  CONSTRAINT `fk_aseguradora` FOREIGN KEY (`id_aseguradora`) REFERENCES `aseguradoras` (`id_aseguradora`),
  CONSTRAINT `fk_estatus_2` FOREIGN KEY (`id_estatus`) REFERENCES `estatus` (`id_estatus`),
  CONSTRAINT `fk_recolecciones` FOREIGN KEY (`id_recoleccion`) REFERENCES `recolecciones` (`id_recoleccion`)
) ENGINE=InnoDB AUTO_INCREMENT=442 DEFAULT CHARSET=utf8mb4 COLLATE=utf8mb4_general_ci;
/*!40101 SET character_set_client = @saved_cs_client */;

--
-- Dumping data for table `siniestros`
--

LOCK TABLES `siniestros` WRITE;
/*!40000 ALTER TABLE `siniestros` DISABLE KEYS */;
INSERT INTO `siniestros` VALUES
(200,'401007900428',116,5,'21/10/2024','VW','VOLKSWAGEN/VENTO (602-604)/COMFORTLIN','VOLKSWAGEN/VENTO (602-604)/COMFORTLIN','','2016\r','2024-11-21 23:37:48',NULL,NULL,NULL,NULL,NULL,NULL,'2024-11-21 23:40:28',12,NULL),
(201,'401007906124',116,5,'26/10/2024','Ford','FORD/ECONOLINE (TE4)/BASICO','FORD/ECONOLINE (TE4)/BASICO','','2010\r',NULL,NULL,NULL,NULL,NULL,NULL,NULL,NULL,NULL,NULL),
(202,'401007906889',116,5,'21/10/2024','Nissan','NISSAN/NP300 (D23X/AG/T)/FRONTIER PLA','NISSAN/NP300 (D23X/AG/T)/FRONTIER PLA','','2023\r',NULL,NULL,NULL,NULL,NULL,NULL,NULL,NULL,NULL,NULL),
(203,'401007906920',116,5,'22/10/2024','Toyota','TOYOTA/AVANZA (F65)/LE','TOYOTA/AVANZA (F65)/LE','','2017\r',NULL,NULL,NULL,NULL,NULL,NULL,NULL,NULL,NULL,NULL),
(204,'401007907162',116,5,'27/10/2024','Chevrolet','CHEVROLET/AVEO (MT1)/LS','CHEVROLET/AVEO (MT1)/LS','','2017\r',NULL,NULL,NULL,NULL,NULL,NULL,NULL,NULL,NULL,NULL),
(205,'401007907162',116,5,'28/10/2024','Chevrolet','CHEVROLET/AVEO (MT1)/LS','CHEVROLET/AVEO (MT1)/LS','','2017\r',NULL,NULL,NULL,NULL,NULL,NULL,NULL,NULL,NULL,NULL),
(206,'401007907246',116,5,'21/10/2024','Nissan','NISSAN/VERSA (N17X)/DRIVE','NISSAN/VERSA (N17X)/DRIVE','','2017\r',NULL,NULL,NULL,NULL,NULL,NULL,NULL,NULL,NULL,NULL),
(207,'401007907247',116,5,'21/10/2024','Ford','FORD/NEW FIESTA (CCT)/BASICO','FORD/NEW FIESTA (CCT)/BASICO','','2017\r',NULL,NULL,NULL,NULL,NULL,NULL,NULL,NULL,NULL,NULL),
(208,'401007907247',116,5,'22/10/2024','Ford','FORD/NEW FIESTA (CCT)/BASICO','FORD/NEW FIESTA (CCT)/BASICO','','2017\r',NULL,NULL,NULL,NULL,NULL,NULL,NULL,NULL,NULL,NULL),
(209,'401007907574',116,5,'21/10/2024','Chevrolet','CHEVROLET/TORNADO (BC2)/BASICO','CHEVROLET/TORNADO (BC2)/BASICO','','2012\r',NULL,NULL,NULL,NULL,NULL,NULL,NULL,NULL,NULL,NULL),
(210,'401007907574',116,5,'22/10/2024','Chevrolet','CHEVROLET/TORNADO (BC2)/BASICO','CHEVROLET/TORNADO (BC2)/BASICO','','2012\r',NULL,NULL,NULL,NULL,NULL,NULL,NULL,NULL,NULL,NULL),
(211,'401007907865',116,5,'28/10/2024','Nissan','NISSAN/VERSA (N17X)/DRIVE','NISSAN/VERSA (N17X)/DRIVE','','2018\r',NULL,NULL,NULL,NULL,NULL,NULL,NULL,NULL,NULL,NULL),
(212,'401007908193',116,5,'26/10/2024','VW','VOLKSWAGEN/UP/BASICO','VOLKSWAGEN/UP/BASICO','','2016\r',NULL,NULL,NULL,NULL,NULL,NULL,NULL,NULL,NULL,NULL),
(213,'401007909648',116,5,'29/10/2024','Nissan','NISSAN/MARCH (K13K/B/X/T)/SENSE','NISSAN/MARCH (K13K/B/X/T)/SENSE','','2018\r',NULL,NULL,NULL,NULL,NULL,NULL,NULL,NULL,NULL,NULL),
(214,'401007909756',116,5,'30/10/2024','Seat','SEAT/IBIZA/REFERENCE','SEAT/IBIZA/REFERENCE','','2016\r',NULL,NULL,NULL,NULL,NULL,NULL,NULL,NULL,NULL,NULL),
(215,'401007864607',117,5,'31/10/2024 23:43','VOLKSWAGEN','Vento (14 - 22)','ND','','2021\r',NULL,NULL,NULL,NULL,NULL,NULL,NULL,NULL,NULL,NULL),
(216,'401007901025',118,5,'25/10/2024 18:29','DODGE','Journey (09 - 20)','ND','','2013\r',NULL,NULL,NULL,NULL,NULL,NULL,NULL,NULL,NULL,NULL),
(217,'401007902171',119,5,'30/10/2024 09:50','TOYOTA','Highlander (20 -','ND','','2020\r',NULL,NULL,NULL,NULL,NULL,NULL,NULL,NULL,NULL,NULL),
(218,'401007906178',120,5,'30/10/2024 03:13','MERCEDES B','Clase CLA Coupe (20','ND','','2021\r',NULL,NULL,NULL,NULL,NULL,NULL,NULL,NULL,NULL,NULL),
(219,'401007906985',118,5,'30/10/2024 16:26','FORD','Explorer (11 - 19)','ND','','2017\r',NULL,NULL,NULL,NULL,NULL,NULL,NULL,NULL,NULL,NULL),
(220,'401007907958',118,5,'28/10/2024 11:16','HONDA','Odyssey (05 - 11)','ND','','2006\r',NULL,NULL,NULL,NULL,NULL,NULL,NULL,NULL,NULL,NULL),
(221,'401007908185',118,5,'30/10/2024 21:05','HONDA','City (14 - 20)','ND','','2014\r',NULL,NULL,NULL,NULL,NULL,NULL,NULL,NULL,NULL,NULL),
(222,'401007909037',118,5,'28/10/2024 17:24','CHEVROLET','Sonic (12 - 17)','ND','','2016\r',NULL,NULL,NULL,NULL,NULL,NULL,NULL,NULL,NULL,NULL),
(223,'401007864607',117,5,'29/10/2024','VOLKSWAGEN','Vento (14 -','ND','','2021\r',NULL,NULL,NULL,NULL,NULL,NULL,NULL,NULL,NULL,NULL),
(224,'401007902171',119,5,'28/10/2024','TOYOTA','Highlander (','ND','','2020\r',NULL,NULL,NULL,NULL,NULL,NULL,NULL,NULL,NULL,NULL),
(225,'401007907812',121,5,'21/10/2024','AUDI','A3 (13 - 16)','ND','','2014\r',NULL,NULL,NULL,NULL,NULL,NULL,NULL,NULL,NULL,NULL),
(226,'401007906178',120,5,'28/10/2024','MERCEDES BENZ','Clase CLA Co','ND','','2021\r',NULL,NULL,NULL,NULL,NULL,NULL,NULL,NULL,NULL,NULL),
(227,'401007906956',122,5,'20/10/2024','KIA','Sorento (18','ND','','2020\r',NULL,NULL,NULL,NULL,NULL,NULL,NULL,NULL,NULL,NULL),
(228,'0004688130',110,3,'26/10/2024 11:36:00 000','TOYOTA','RAIZE','2023','','2023\r',NULL,NULL,NULL,NULL,NULL,NULL,NULL,NULL,NULL,NULL),
(229,'0004710790',111,3,'29/10/2024 18:02:00 000','VOLKSWAGEN','TIGUAN','2024','','2024\r',NULL,NULL,NULL,NULL,NULL,NULL,NULL,NULL,NULL,NULL),
(230,'0004713219',112,3,'01/11/2024 16:25:00 000','SEAT','TARRACO','2024','','2024\r','2024-11-20 17:10:57',NULL,NULL,NULL,NULL,NULL,NULL,'2024-11-27 23:20:24',12,NULL),
(231,'0004715403',112,3,'','SEAT','VEHICULOS RESIDENTES','2023','','2023\r','2024-11-20 17:10:57',NULL,NULL,NULL,NULL,NULL,NULL,NULL,3,NULL),
(232,'0004698907',111,3,'','VOLKSWAGEN','VIRTUS','2024','','2024\r',NULL,NULL,NULL,NULL,NULL,NULL,NULL,NULL,NULL,NULL),
(233,'0004698422',113,3,'','VOLKSWAGEN','TAIGUN','2023','','2023\r','2024-11-20 17:35:22',NULL,NULL,NULL,NULL,NULL,NULL,'2024-11-20 17:45:19',12,NULL),
(234,'0004705450',113,3,'01/11/2024 09:37:00 000','VOLKSWAGEN','TIGUAN','2023','','2023\r',NULL,NULL,NULL,NULL,NULL,NULL,NULL,NULL,NULL,NULL),
(235,'0004706349',114,3,'','CUPRA','FORMENTOR','2023','','2023\r','2024-11-21 17:55:13','014-adapt-illustration-6-11-14.jpg',NULL,'240_F_109477509_Gzjt715Ok6GBKO6Xwis51lCQmVrkTs1a.jpg',NULL,'240_F_103797111_BaUJBMbkMmUnXFe1WPT38DWNdzRFGguH.jpg',NULL,'2024-11-21 18:13:15',12,NULL),
(236,'0004711832',115,3,'01/11/2024 12:39:00 000','NISSAN','URVAN','2023','','2023\r',NULL,NULL,NULL,NULL,NULL,NULL,NULL,NULL,NULL,NULL),
(237,'0004717390',114,3,'','CUPRA','FORMENTOR','2022','','2022\r','2024-11-21 18:11:47','240_F_34927412_PQDZYEUKTJkYptPZexoBq060BI3ghQTw.jpg',NULL,'240_F_15687253_RDoFP8qL2zz5yBpry0a09zZftURUrSo9.jpg',NULL,'240_F_95112820_QykJS83a1tYcuZCfDj9ylBo5GqwLJdua.jpg',NULL,'2024-11-21 18:13:15',12,NULL),
(238,'0159797794A',100,1,'28/10/2024','MINI','','Mini SE (22 -   )','','2024\r',NULL,NULL,NULL,NULL,NULL,NULL,NULL,NULL,NULL,NULL),
(239,'0159947456A',100,1,'28/10/2024','Bmw','','X1 [F48]','','2017\r',NULL,NULL,NULL,NULL,NULL,NULL,NULL,NULL,NULL,NULL),
(240,'0160238622A',101,1,'28/10/2024','Mini','','Mini [F54]','','2020\r',NULL,NULL,NULL,NULL,NULL,NULL,NULL,NULL,NULL,NULL),
(241,'0160267332A',102,1,'28/10/2024','Bmw','','Serie 1 [F40]','','2024\r',NULL,NULL,NULL,NULL,NULL,NULL,NULL,NULL,NULL,NULL),
(242,'0160353504A',103,1,'28/10/2024','Mini','','Mini [F54]','','2021\r','2024-11-20 17:02:33',NULL,NULL,NULL,NULL,NULL,NULL,NULL,3,NULL),
(243,'0160456141A',103,1,'28/10/2024','Mini','','Mini F60 Country','','2024\r','2024-11-20 17:02:33','image.jpg',NULL,NULL,NULL,'image.jpg',NULL,'2024-11-20 17:06:20',12,NULL),
(244,'0160467874A',103,1,'28/10/2024','MINI','','Mini III 5P (22 -   )','','2024\r',NULL,NULL,NULL,NULL,NULL,NULL,NULL,NULL,NULL,NULL),
(245,'0156516809A',100,1,'29/10/2024','Bmw','','X2 [F39]','','2021\r',NULL,NULL,NULL,NULL,NULL,NULL,NULL,NULL,NULL,NULL),
(246,'0156640153A',102,1,'29/10/2024','Bmw','','X4 [G02]','','2022\r',NULL,NULL,NULL,NULL,NULL,NULL,NULL,NULL,NULL,NULL),
(247,'0157249269A',100,1,'29/10/2024','Mini','','Mini III [F56]','','2016\r',NULL,NULL,NULL,NULL,NULL,NULL,NULL,NULL,NULL,NULL),
(248,'0157809344A',102,1,'29/10/2024','Bmw','','Serie 1 [F40]','','2022\r',NULL,NULL,NULL,NULL,NULL,NULL,NULL,NULL,NULL,NULL),
(249,'0159022243T',102,1,'29/10/2024','MINI','','Mini III 3P (22 -   )','','2024\r',NULL,NULL,NULL,NULL,NULL,NULL,NULL,NULL,NULL,NULL),
(250,'0160108775T',102,1,'29/10/2024','BMW','','X1/iX1 (23 -   )','','2024\r',NULL,NULL,NULL,NULL,NULL,NULL,NULL,NULL,NULL,NULL),
(251,'0160257770T',103,1,'29/10/2024','Bmw','','X4 [G02]','','2024\r',NULL,NULL,NULL,NULL,NULL,NULL,NULL,NULL,NULL,NULL),
(252,'0160297826A',103,1,'29/10/2024','BMW','','Serie 3 Sedan (23 -   )','','2024\r',NULL,NULL,NULL,NULL,NULL,NULL,NULL,NULL,NULL,NULL),
(253,'0160322558A',104,1,'29/10/2024','Audi','','A1 [GBA]','','2024\r',NULL,NULL,NULL,NULL,NULL,NULL,NULL,NULL,NULL,NULL),
(254,'0160444329A',101,1,'29/10/2024','Bmw','','Serie 2 Coupe [F22]','','2020\r',NULL,NULL,NULL,NULL,NULL,NULL,NULL,NULL,NULL,NULL),
(255,'0160452041A',102,1,'29/10/2024','Bmw','','X2 [F39]','','2019\r',NULL,NULL,NULL,NULL,NULL,NULL,NULL,NULL,NULL,NULL),
(256,'0160456141A',103,1,'29/10/2024','Mini','','Mini F60 Country','','2024\r',NULL,NULL,NULL,NULL,NULL,NULL,NULL,NULL,NULL,NULL),
(257,'0160459251A',102,1,'29/10/2024','BMW','','Serie 2 Coupe (22 -   )','','2024\r',NULL,NULL,NULL,NULL,NULL,NULL,NULL,NULL,NULL,NULL),
(258,'0160459574A',103,1,'29/10/2024','BMW','','X3 (22 -   )','','2023\r',NULL,NULL,NULL,NULL,NULL,NULL,NULL,NULL,NULL,NULL),
(259,'0160467874A',103,1,'29/10/2024','MINI','','Mini III 5P (22 -   )','','2024\r',NULL,NULL,NULL,NULL,NULL,NULL,NULL,NULL,NULL,NULL),
(260,'0160514436A',101,1,'29/10/2024','MINI','','MINI III 3P (22 -   )','','2022\r',NULL,NULL,NULL,NULL,NULL,NULL,NULL,NULL,NULL,NULL),
(300,'0160570875A',103,1,'29/10/2024','MINI','','Mini III 3P (22 -   )','','2023\r',NULL,NULL,NULL,NULL,NULL,NULL,NULL,NULL,NULL,NULL),
(301,'0157249269A',100,1,'30/10/2024','Mini','','Mini III [F56]','','2016\r',NULL,NULL,NULL,NULL,NULL,NULL,NULL,NULL,NULL,NULL),
(302,'0157911983A',100,1,'30/10/2024','Bmw','','Serie 1 [F20N] [5 PTAS]','','2017\r',NULL,NULL,NULL,NULL,NULL,NULL,NULL,NULL,NULL,NULL),
(303,'0159228667A',103,1,'30/10/2024','Bmw','','X1 [F48]','','2021\r',NULL,NULL,NULL,NULL,NULL,NULL,NULL,NULL,NULL,NULL),
(304,'0159797794A',100,1,'30/10/2024','Mini','','Mini Electric Hatchback','','2024\r',NULL,NULL,NULL,NULL,NULL,NULL,NULL,NULL,NULL,NULL),
(305,'0159968064A',102,1,'30/10/2024','Bmw','','Serie 1 [F40]','','2023\r',NULL,NULL,NULL,NULL,NULL,NULL,NULL,NULL,NULL,NULL),
(306,'0160135984A',103,1,'30/10/2024','Mini','','Countryman','','2024\r',NULL,NULL,NULL,NULL,NULL,NULL,NULL,NULL,NULL,NULL),
(307,'0160238622A',101,1,'30/10/2024','Mini','','Mini [F54]','','2020\r',NULL,NULL,NULL,NULL,NULL,NULL,NULL,NULL,NULL,NULL),
(308,'0160257770T',103,1,'30/10/2024','Bmw','','X4 [G02]','','2024\r',NULL,NULL,NULL,NULL,NULL,NULL,NULL,NULL,NULL,NULL),
(309,'0160322384A',102,1,'30/10/2024','BMW','','X5 (24 -   )','','2024\r',NULL,NULL,NULL,NULL,NULL,NULL,NULL,NULL,NULL,NULL),
(310,'0160456141A',103,1,'30/10/2024','Mini','','Mini F60 Country','','2024\r',NULL,NULL,NULL,NULL,NULL,NULL,NULL,NULL,NULL,NULL),
(311,'0160459574A',103,1,'30/10/2024','BMW','','X3 (22 -   )','','2023\r',NULL,NULL,NULL,NULL,NULL,NULL,NULL,NULL,NULL,NULL),
(312,'0160487823A',103,1,'30/10/2024','BMW','','iX (22 -   )','','2023\r',NULL,NULL,NULL,NULL,NULL,NULL,NULL,NULL,NULL,NULL),
(313,'0160514436A',101,1,'30/10/2024','Mini','','Mini III (3-doors) [F56N]','','2022\r',NULL,NULL,NULL,NULL,NULL,NULL,NULL,NULL,NULL,NULL),
(314,'0160570875A',103,1,'30/10/2024','Mini','','Mini III (3-doors) [F56N]','','2023\r',NULL,NULL,NULL,NULL,NULL,NULL,NULL,NULL,NULL,NULL),
(315,'0157249269A',100,1,'31/10/2024','Mini','','Mini III [F56]','','2016\r',NULL,NULL,NULL,NULL,NULL,NULL,NULL,NULL,NULL,NULL),
(316,'0158224824A',103,1,'31/10/2024','Bmw','','Serie 2 Coupe [G42]','','2022\r',NULL,NULL,NULL,NULL,NULL,NULL,NULL,NULL,NULL,NULL),
(317,'0158856104A',103,1,'31/10/2024','Mini','','Mini F60 Country','','2022\r',NULL,NULL,NULL,NULL,NULL,NULL,NULL,NULL,NULL,NULL),
(318,'0159022243T',102,1,'31/10/2024','Mini','','Mini III (3-doors) [F56N]','','2024\r',NULL,NULL,NULL,NULL,NULL,NULL,NULL,NULL,NULL,NULL),
(319,'0159138718A',103,1,'31/10/2024','Bmw','','X2 [F39]','','2019\r',NULL,NULL,NULL,NULL,NULL,NULL,NULL,NULL,NULL,NULL),
(320,'0159228667A',103,1,'31/10/2024','Bmw','','X1 [F48]','','2021\r',NULL,NULL,NULL,NULL,NULL,NULL,NULL,NULL,NULL,NULL),
(321,'0159470434A',103,1,'31/10/2024','Bmw','','X1 [F48]','','2022\r',NULL,NULL,NULL,NULL,NULL,NULL,NULL,NULL,NULL,NULL),
(322,'0159734656A',100,1,'31/10/2024','Mini','','Mini III [F56]','','2019\r',NULL,NULL,NULL,NULL,NULL,NULL,NULL,NULL,NULL,NULL),
(323,'0159968064A',102,1,'31/10/2024','Bmw','','Serie 1 [F40]','','2023\r',NULL,NULL,NULL,NULL,NULL,NULL,NULL,NULL,NULL,NULL),
(324,'0160135984A',103,1,'31/10/2024','Mini','','Countryman','','2024\r',NULL,NULL,NULL,NULL,NULL,NULL,NULL,NULL,NULL,NULL),
(325,'0160297826A',103,1,'31/10/2024','BMW','','Serie 3 Sedan (23 -   )','','2024\r',NULL,NULL,NULL,NULL,NULL,NULL,NULL,NULL,NULL,NULL),
(326,'0160322384A',102,1,'31/10/2024','BMW','','X5 (24 -   )','','2024\r',NULL,NULL,NULL,NULL,NULL,NULL,NULL,NULL,NULL,NULL),
(327,'0160444329A',101,1,'31/10/2024','Bmw','','Serie 2 Coupe [F22]','','2020\r',NULL,NULL,NULL,NULL,NULL,NULL,NULL,NULL,NULL,NULL),
(328,'0160449211A',104,1,'31/10/2024','Audi','','Q3 Sportback [F3N]','','2024\r','2024-11-21 20:58:45','240_F_95112820_QykJS83a1tYcuZCfDj9ylBo5GqwLJdua.jpg',NULL,'240_F_34927412_PQDZYEUKTJkYptPZexoBq060BI3ghQTw.jpg',NULL,NULL,NULL,NULL,3,NULL),
(329,'0160459251A',102,1,'31/10/2024','Bmw','','Serie 2 Coupe [G42]','','2024\r',NULL,NULL,NULL,NULL,NULL,NULL,NULL,NULL,NULL,NULL),
(330,'0160487823A',103,1,'31/10/2024','BMW','','iX (22 -   )','','2023\r',NULL,NULL,NULL,NULL,NULL,NULL,NULL,NULL,NULL,NULL),
(331,'0160570875A',103,1,'31/10/2024','Mini','','Mini III (3-doors) [F56N]','','2023\r',NULL,NULL,NULL,NULL,NULL,NULL,NULL,NULL,NULL,NULL),
(332,'0160638144A',100,1,'31/10/2024','Bmw','','Serie 3 [G20]','','2022\r',NULL,NULL,NULL,NULL,NULL,NULL,NULL,NULL,NULL,NULL),
(333,'0157809344A',102,1,'1/11/2024','Bmw','','Serie 1 [F40]','','2022\r',NULL,NULL,NULL,NULL,NULL,NULL,NULL,NULL,NULL,NULL),
(334,'0159701176A',102,1,'1/11/2024','Bmw','','F 750 GS/850 GS [K80#/K81#]','','2024\r',NULL,NULL,NULL,NULL,NULL,NULL,NULL,NULL,NULL,NULL),
(335,'0159852086A',100,1,'1/11/2024','Mini','','Mini III [F56]','','2019\r',NULL,NULL,NULL,NULL,NULL,NULL,NULL,NULL,NULL,NULL),
(336,'0160245882A',105,1,'1/11/2024','Peugeot','','2008 [C]','','2024\r',NULL,NULL,NULL,NULL,NULL,NULL,NULL,NULL,NULL,NULL),
(337,'0160449211A',104,1,'1/11/2024','Audi','','Q3 Sportback [F3N]','','2024\r',NULL,NULL,NULL,NULL,NULL,NULL,NULL,NULL,NULL,NULL),
(338,'0160487823A',103,1,'1/11/2024','BMW','','iX (22 -   )','','2023\r',NULL,NULL,NULL,NULL,NULL,NULL,NULL,NULL,NULL,NULL),
(339,'0160575262A',102,1,'1/11/2024','BMW','','Serie 3 Sedan (23 -   )','','2024\r',NULL,NULL,NULL,NULL,NULL,NULL,NULL,NULL,NULL,NULL),
(340,'0160653747A',101,1,'1/11/2024','BMW','','X5 (24 -   )','','2024\r',NULL,NULL,NULL,NULL,NULL,NULL,NULL,NULL,NULL,NULL),
(341,'0159022243T',102,1,'2/11/2024','Mini','','Mini III (3-doors) [F56N]','','2024\r',NULL,NULL,NULL,NULL,NULL,NULL,NULL,NULL,NULL,NULL),
(342,'0159469501A',104,1,'2/11/2024','Audi','','Q5 III [FYG]','','2023\r',NULL,NULL,NULL,NULL,NULL,NULL,NULL,NULL,NULL,NULL),
(343,'0159470434A',103,1,'2/11/2024','Bmw','','X1 [F48]','','2022\r',NULL,NULL,NULL,NULL,NULL,NULL,NULL,NULL,NULL,NULL),
(344,'0159797794A',100,1,'2/11/2024','Mini','','Mini Electric Hatchback','','2024\r',NULL,NULL,NULL,NULL,NULL,NULL,NULL,NULL,NULL,NULL),
(345,'0160297826A',103,1,'2/11/2024','BMW','','Serie 3 Sedan (23 -   )','','2024\r',NULL,NULL,NULL,NULL,NULL,NULL,NULL,NULL,NULL,NULL),
(346,'0160322384A',102,1,'2/11/2024','BMW','','X5 (24 -   )','','2024\r',NULL,NULL,NULL,NULL,NULL,NULL,NULL,NULL,NULL,NULL),
(347,'0160638144A',100,1,'2/11/2024','Bmw','','Serie 3 [G20]','','2022\r',NULL,NULL,NULL,NULL,NULL,NULL,NULL,NULL,NULL,NULL),
(348,'0160697918A',101,1,'3/11/2024','Bmw','','Serie 1 [F40]','','2023\r',NULL,NULL,NULL,NULL,NULL,NULL,NULL,NULL,NULL,NULL),
(349,'0150836120A',106,1,'28/10/2024','Honda','','HONDA/ODYSSEY III (RL5)/EX','','2014\r',NULL,NULL,NULL,NULL,NULL,NULL,NULL,NULL,NULL,NULL),
(350,'0160388807A',106,1,'28/10/2024','Honda','','HONDA/CR-V (RM1/2/3/4)/EX','','2013\r',NULL,NULL,NULL,NULL,NULL,NULL,NULL,NULL,NULL,NULL),
(351,'0159675172A',107,1,'28/10/2024','Mercedes-Benz','','MERCEDES-BENZ/CLASE C (W204)/C 280','','2008\r',NULL,NULL,NULL,NULL,NULL,NULL,NULL,NULL,NULL,NULL),
(352,'0160244364A',108,1,'28/10/2024','Honda','','HONDA/CIVIC (FC1/2/FK7)/EX','','2019\r','2024-11-20 17:12:47',NULL,NULL,NULL,NULL,NULL,NULL,NULL,3,NULL),
(353,'0160388807A',106,1,'28/10/2024','Honda','','HONDA/CR-V (RM1/2/3/4)/EX','','2013\r',NULL,NULL,NULL,NULL,NULL,NULL,NULL,NULL,NULL,NULL),
(354,'0159835248A',107,1,'29/10/2024','Mini','','MINI/MINI F56/COOPER','','2020\r',NULL,NULL,NULL,NULL,NULL,NULL,NULL,NULL,NULL,NULL),
(355,'0160020392A',108,1,'29/10/2024','Chevrolet','','CHEVROLET/AVEO (MT1)/LS','','2016\r',NULL,NULL,NULL,NULL,NULL,NULL,NULL,NULL,NULL,NULL),
(356,'0160570081A',107,1,'30/10/2024','BMW','','BMW/SERIE 3 F30/328I','','2013\r',NULL,NULL,NULL,NULL,NULL,NULL,NULL,NULL,NULL,NULL),
(357,'0159027598A',107,1,'30/10/2024','Jaguar','','JAGUAR/XF (X250)/BASICO','','2015\r',NULL,NULL,NULL,NULL,NULL,NULL,NULL,NULL,NULL,NULL),
(358,'0159883016A',107,1,'30/10/2024','BMW','','BMW/SERIE 2 COUPE F22/220I','','2015\r',NULL,NULL,NULL,NULL,NULL,NULL,NULL,NULL,NULL,NULL),
(359,'0159756006A',107,1,'30/10/2024','Mercedes-Benz','','MERCEDES-BENZ/CLASE E (W212)/E 250','','2014\r',NULL,NULL,NULL,NULL,NULL,NULL,NULL,NULL,NULL,NULL),
(360,'0158112037A',106,1,'30/10/2024','Mitsubishi','','MITSUBISHI/MONTERO SPORT(K80)/XLS','','2006\r',NULL,NULL,NULL,NULL,NULL,NULL,NULL,NULL,NULL,NULL),
(361,'0160310413A',108,1,'30/10/2024','VW','','VOLKSWAGEN/JETTA (9M)/CLASICO GL TEAM','','2013\r',NULL,NULL,NULL,NULL,NULL,NULL,NULL,NULL,NULL,NULL),
(362,'0160310413A',108,1,'31/10/2024','VW','','VOLKSWAGEN/JETTA (9M)/CLASICO GL TEAM','','2013\r',NULL,NULL,NULL,NULL,NULL,NULL,NULL,NULL,NULL,NULL),
(363,'0160129524A',108,1,'31/10/2024','Nissan','','NISSAN/VERSA (N17X)/ADVANCE','','2012\r',NULL,NULL,NULL,NULL,NULL,NULL,NULL,NULL,NULL,NULL),
(364,'0160120598A',108,1,'31/10/2024','VW','','VOLKSWAGEN/POLO (60)/STARTLINE','','2018\r',NULL,NULL,NULL,NULL,NULL,NULL,NULL,NULL,NULL,NULL),
(365,'0160120598A',108,1,'1/11/2024','VW','','VOLKSWAGEN/POLO (60)/STARTLINE','','2018\r',NULL,NULL,NULL,NULL,NULL,NULL,NULL,NULL,NULL,NULL),
(366,'0158175869A',107,1,'1/11/2024','Audi','','AUDI/Q3 (8UB)/BASICO','','2014\r',NULL,NULL,NULL,NULL,NULL,NULL,NULL,NULL,NULL,NULL),
(367,'0158845891A',107,1,'1/11/2024','Porsche','','PORSCHE/CAYENNE (TIPO 92A)/S','','2015\r',NULL,NULL,NULL,NULL,NULL,NULL,NULL,NULL,NULL,NULL),
(368,'0159810290A',107,1,'2/11/2024','Mini','','MINI/MINI F56/JCW','','2018\r',NULL,NULL,NULL,NULL,NULL,NULL,NULL,NULL,NULL,NULL),
(369,'0160020392A',108,1,'28/10/2024','Chevrolet','','Aveo [T-MT1]','','2016\r',NULL,NULL,NULL,NULL,NULL,NULL,NULL,NULL,NULL,NULL),
(370,'0160093324A',108,1,'28/10/2024','Jeep','','Liberty [KK]','','2010\r',NULL,NULL,NULL,NULL,NULL,NULL,NULL,NULL,NULL,NULL),
(371,'0160168084A',108,1,'28/10/2024','Jeep','','Patriot [MK]','','2016\r',NULL,NULL,NULL,NULL,NULL,NULL,NULL,NULL,NULL,NULL),
(372,'0160244042A',108,1,'28/10/2024','Toyota','','Prius IV','','2017\r',NULL,NULL,NULL,NULL,NULL,NULL,NULL,NULL,NULL,NULL),
(373,'0160244364A',108,1,'28/10/2024','Honda','','Civic [FC1/2/FK7]','','2019\r',NULL,NULL,NULL,NULL,NULL,NULL,NULL,NULL,NULL,NULL),
(374,'0160262556A',108,1,'28/10/2024','Hyundai','','Grand i 10 [PB4]','','2015\r',NULL,NULL,NULL,NULL,NULL,NULL,NULL,NULL,NULL,NULL),
(375,'0160387387A',108,1,'28/10/2024','Honda','','City [GM6]','','2017\r',NULL,NULL,NULL,NULL,NULL,NULL,NULL,NULL,NULL,NULL),
(376,'0156230849A',108,1,'29/10/2024','Seat','','Toledo [KG]','','2016\r',NULL,NULL,NULL,NULL,NULL,NULL,NULL,NULL,NULL,NULL),
(377,'0160119475A',108,1,'29/10/2024','Volkswagen','','Vento/Polo [641-644/612]','','2017\r',NULL,NULL,NULL,NULL,NULL,NULL,NULL,NULL,NULL,NULL),
(378,'0160129524A',108,1,'29/10/2024','Nissan','','Versa/Almera/V-Drive [N17X','','2012\r',NULL,NULL,NULL,NULL,NULL,NULL,NULL,NULL,NULL,NULL),
(379,'0160218087A',108,1,'29/10/2024','Hyundai','','Grand i10 [AI3]','','2021\r',NULL,NULL,NULL,NULL,NULL,NULL,NULL,NULL,NULL,NULL),
(380,'0160272738A',108,1,'29/10/2024','Volkswagen','','Gol/Voyage [5U3/5U4]','','2016\r',NULL,NULL,NULL,NULL,NULL,NULL,NULL,NULL,NULL,NULL),
(381,'0160310413A',108,1,'29/10/2024','Volkswagen','','Jetta A4 Clasico [9M/1J]','','2013\r',NULL,NULL,NULL,NULL,NULL,NULL,NULL,NULL,NULL,NULL),
(382,'0160387387A',108,1,'29/10/2024','Honda','','City [GM6]','','2017\r',NULL,NULL,NULL,NULL,NULL,NULL,NULL,NULL,NULL,NULL),
(383,'0141776708A',108,1,'30/10/2024','FORD','','Maverick (22 -   )','','2018\r',NULL,NULL,NULL,NULL,NULL,NULL,NULL,NULL,NULL,NULL),
(384,'0156011512A',108,1,'30/10/2024','Toyota','','RAV4 [AXA/MXA]','','2021\r',NULL,NULL,NULL,NULL,NULL,NULL,NULL,NULL,NULL,NULL),
(385,'0160020392A',108,1,'30/10/2024','Chevrolet','','Aveo [T-MT1]','','2016\r',NULL,NULL,NULL,NULL,NULL,NULL,NULL,NULL,NULL,NULL),
(386,'0160093324A',108,1,'30/10/2024','Jeep','','Liberty [KK]','','2010\r',NULL,NULL,NULL,NULL,NULL,NULL,NULL,NULL,NULL,NULL),
(387,'0160119475A',108,1,'30/10/2024','Volkswagen','','Vento/Polo [641-644/612]','','2017\r',NULL,NULL,NULL,NULL,NULL,NULL,NULL,NULL,NULL,NULL),
(388,'0160120598A',108,1,'30/10/2024','Volkswagen','','Polo [60]','','2018\r',NULL,NULL,NULL,NULL,NULL,NULL,NULL,NULL,NULL,NULL),
(389,'0160146668A',108,1,'30/10/2024','Chevrolet','','Chevy [S]','','2011\r',NULL,NULL,NULL,NULL,NULL,NULL,NULL,NULL,NULL,NULL),
(390,'0160211140A',108,1,'30/10/2024','Volkswagen','','Jetta A4 Clasico [9M/1J]','','2011\r',NULL,NULL,NULL,NULL,NULL,NULL,NULL,NULL,NULL,NULL),
(391,'0160272738A',108,1,'30/10/2024','Volkswagen','','Gol/Voyage [5U3/5U4]','','2016\r',NULL,NULL,NULL,NULL,NULL,NULL,NULL,NULL,NULL,NULL),
(392,'0160310413A',108,1,'30/10/2024','Volkswagen','','Jetta A4 Clasico [9M/1J]','','2013\r',NULL,NULL,NULL,NULL,NULL,NULL,NULL,NULL,NULL,NULL),
(393,'0160120598A',108,1,'31/10/2024','Volkswagen','','Polo [60]','','2018\r',NULL,NULL,NULL,NULL,NULL,NULL,NULL,NULL,NULL,NULL),
(394,'0160129524A',108,1,'31/10/2024','Nissan','','Versa/Almera/V-Drive [N17X','','2012\r',NULL,NULL,NULL,NULL,NULL,NULL,NULL,NULL,NULL,NULL),
(395,'0160211140A',108,1,'31/10/2024','Volkswagen','','Jetta A4 Clasico [9M/1J]','','2011\r',NULL,NULL,NULL,NULL,NULL,NULL,NULL,NULL,NULL,NULL),
(396,'0160218087A',108,1,'31/10/2024','Hyundai','','Grand i10 [AI3]','','2021\r',NULL,NULL,NULL,NULL,NULL,NULL,NULL,NULL,NULL,NULL),
(397,'0160303020A',108,1,'31/10/2024','Chevrolet','','Spark [KL1M/M300]','','2012\r',NULL,NULL,NULL,NULL,NULL,NULL,NULL,NULL,NULL,NULL),
(398,'0160310413A',108,1,'31/10/2024','Volkswagen','','Jetta A4 Clasico [9M/1J]','','2013\r',NULL,NULL,NULL,NULL,NULL,NULL,NULL,NULL,NULL,NULL),
(399,'0160500096A1',108,1,'31/10/2024','Volkswagen','','Jetta A4 Clasico [9M/1J]','','2013\r',NULL,NULL,NULL,NULL,NULL,NULL,NULL,NULL,NULL,NULL),
(400,'0153693536T',108,1,'1/11/2024','Volkswagen','','Bora [1K2]','','2009\r',NULL,NULL,NULL,NULL,NULL,NULL,NULL,NULL,NULL,NULL),
(401,'0156011512A',108,1,'1/11/2024','Toyota','','RAV4 [AXA/MXA]','','2021\r',NULL,NULL,NULL,NULL,NULL,NULL,NULL,NULL,NULL,NULL),
(402,'0158085852A',108,1,'1/11/2024','Seat','','Ibiza','','2019\r',NULL,NULL,NULL,NULL,NULL,NULL,NULL,NULL,NULL,NULL),
(403,'0160020392A',108,1,'1/11/2024','Chevrolet','','Aveo [T-MT1]','','2016\r',NULL,NULL,NULL,NULL,NULL,NULL,NULL,NULL,NULL,NULL),
(404,'0160120598A',108,1,'1/11/2024','Volkswagen','','Polo [60]','','2018\r',NULL,NULL,NULL,NULL,NULL,NULL,NULL,NULL,NULL,NULL),
(405,'0160169900A',108,1,'1/11/2024','Volkswagen','','Gol/Voyage [5U3/5U4]','','2016\r',NULL,NULL,NULL,NULL,NULL,NULL,NULL,NULL,NULL,NULL),
(406,'0160303020A',108,1,'1/11/2024','Chevrolet','','Spark [KL1M/M300]','','2012\r',NULL,NULL,NULL,NULL,NULL,NULL,NULL,NULL,NULL,NULL),
(407,'0160387387A',108,1,'1/11/2024','Honda','','City [GM6]','','2017\r',NULL,NULL,NULL,NULL,NULL,NULL,NULL,NULL,NULL,NULL),
(408,'0160404299A',108,1,'1/11/2024','Nissan','','Tiida [C11X/SC11X]','','2012\r',NULL,NULL,NULL,NULL,NULL,NULL,NULL,NULL,NULL,NULL),
(409,'0160436010A',108,1,'1/11/2024','Nissan','','Versa/Almera/V-Drive [N17X','','2014\r',NULL,NULL,NULL,NULL,NULL,NULL,NULL,NULL,NULL,NULL),
(410,'0160452249A',108,1,'1/11/2024','Mazda','','2 [DJ]','','2016\r',NULL,NULL,NULL,NULL,NULL,NULL,NULL,NULL,NULL,NULL),
(411,'0160542064A',108,1,'1/11/2024','Honda','','City [GM6]','','2020\r',NULL,NULL,NULL,NULL,NULL,NULL,NULL,NULL,NULL,NULL),
(412,'0160129524A',108,1,'2/11/2024','Nissan','','Versa/Almera/V-Drive [N17X','','2012\r',NULL,NULL,NULL,NULL,NULL,NULL,NULL,NULL,NULL,NULL),
(413,'0160169900A',108,1,'2/11/2024','Volkswagen','','Gol/Voyage [5U3/5U4]','','2016\r',NULL,NULL,NULL,NULL,NULL,NULL,NULL,NULL,NULL,NULL),
(414,'0160436010A',108,1,'2/11/2024','Nissan','','Versa/Almera/V-Drive [N17X','','2014\r',NULL,NULL,NULL,NULL,NULL,NULL,NULL,NULL,NULL,NULL),
(415,'0160452249A',108,1,'2/11/2024','Mazda','','2 [DJ]','','2016\r',NULL,NULL,NULL,NULL,NULL,NULL,NULL,NULL,NULL,NULL),
(416,'0160500096A1',108,1,'2/11/2024','Volkswagen','','Jetta A4 Clasico [9M/1J]','','2013\r',NULL,NULL,NULL,NULL,NULL,NULL,NULL,NULL,NULL,NULL),
(417,'0160542064A',108,1,'2/11/2024','Honda','','City [GM6]','','2020\r',NULL,NULL,NULL,NULL,NULL,NULL,NULL,NULL,NULL,NULL),
(418,'0159674308A',109,1,'28/10/2024','Kia','','KIA/SOUL (PS/B2)/EQUIPO \"EX\"','','2018\r','2024-11-22 16:36:12','240_F_34927412_PQDZYEUKTJkYptPZexoBq060BI3ghQTw.jpg',NULL,'240_F_102550717_A3qkUlz2uCT6kZzvOwbTXqhgdXGbalDb.jpg',NULL,NULL,NULL,NULL,3,NULL),
(419,'0159786334A',109,1,'28/10/2024','Chevrolet','','CHEVROLET/AVEO (SH4)/LT','','2018\r','2024-11-22 17:33:59','240_F_34927412_PQDZYEUKTJkYptPZexoBq060BI3ghQTw.jpg',NULL,'240_F_102550717_A3qkUlz2uCT6kZzvOwbTXqhgdXGbalDb.jpg',NULL,NULL,NULL,NULL,3,NULL),
(420,'0159674308A',109,1,'28/10/2024','Kia','','KIA/SOUL (PS/B2)/EQUIPO \"EX\"','','2018\r','2024-11-22 17:33:59','240_F_34927412_PQDZYEUKTJkYptPZexoBq060BI3ghQTw.jpg',NULL,'240_F_102550717_A3qkUlz2uCT6kZzvOwbTXqhgdXGbalDb.jpg',NULL,NULL,NULL,NULL,3,NULL),
(421,'0160096392A',109,1,'28/10/2024','Kia','','KIA/SOUL (PS/B2)/EQUIPO \"EX\"','','2018\r','2024-11-22 17:33:59','240_F_34927412_PQDZYEUKTJkYptPZexoBq060BI3ghQTw.jpg',NULL,'240_F_102550717_A3qkUlz2uCT6kZzvOwbTXqhgdXGbalDb.jpg',NULL,NULL,NULL,NULL,3,NULL),
(422,'0159878040A',109,1,'28/10/2024','Toyota','','TOYOTA/SIENNA/XLE','','2015\r','2024-11-22 17:33:59','240_F_34927412_PQDZYEUKTJkYptPZexoBq060BI3ghQTw.jpg',NULL,'240_F_102550717_A3qkUlz2uCT6kZzvOwbTXqhgdXGbalDb.jpg',NULL,NULL,NULL,NULL,3,NULL),
(423,'0159956671A',109,1,'28/10/2024','Chevrolet','','CHEVROLET/CHEVY (S)/C2','','2010\r','2024-11-22 17:33:59','240_F_34927412_PQDZYEUKTJkYptPZexoBq060BI3ghQTw.jpg',NULL,'240_F_102550717_A3qkUlz2uCT6kZzvOwbTXqhgdXGbalDb.jpg',NULL,NULL,NULL,NULL,3,NULL),
(424,'0160229738A',109,1,'29/10/2024','Chevrolet','','CHEVROLET/AVEO (MT1)/LT','','2013\r','2024-11-22 17:33:59','240_F_34927412_PQDZYEUKTJkYptPZexoBq060BI3ghQTw.jpg',NULL,'240_F_102550717_A3qkUlz2uCT6kZzvOwbTXqhgdXGbalDb.jpg',NULL,NULL,NULL,NULL,3,NULL),
(425,'0159986595A',109,1,'29/10/2024','Seat','','SEAT/IBIZA/REFERENCE','','2012\r','2024-11-22 17:33:59','240_F_34927412_PQDZYEUKTJkYptPZexoBq060BI3ghQTw.jpg',NULL,'240_F_102550717_A3qkUlz2uCT6kZzvOwbTXqhgdXGbalDb.jpg',NULL,NULL,NULL,NULL,3,NULL),
(426,'0158909952T',109,1,'29/10/2024','Chevrolet','','CHEVROLET/SONIC KL/KM/MJ/1J/LT','','2017\r','2024-11-22 17:33:59','240_F_34927412_PQDZYEUKTJkYptPZexoBq060BI3ghQTw.jpg',NULL,'240_F_102550717_A3qkUlz2uCT6kZzvOwbTXqhgdXGbalDb.jpg',NULL,NULL,NULL,NULL,3,NULL),
(427,'0159131580A',109,1,'29/10/2024','Chevrolet','','CHEVROLET/CHEVY/C2','','2006\r','2024-11-22 17:33:59','240_F_34927412_PQDZYEUKTJkYptPZexoBq060BI3ghQTw.jpg',NULL,'240_F_102550717_A3qkUlz2uCT6kZzvOwbTXqhgdXGbalDb.jpg',NULL,NULL,NULL,NULL,3,NULL),
(428,'0159131580A',109,1,'29/10/2024','Chevrolet','','CHEVROLET/CHEVY/C2','','2006\r','2024-11-22 17:33:59','240_F_34927412_PQDZYEUKTJkYptPZexoBq060BI3ghQTw.jpg',NULL,'240_F_102550717_A3qkUlz2uCT6kZzvOwbTXqhgdXGbalDb.jpg',NULL,NULL,NULL,NULL,3,NULL),
(429,'0159956671A',109,1,'29/10/2024','Chevrolet','','CHEVROLET/CHEVY (S)/C2','','2010\r','2024-11-22 17:33:59','240_F_34927412_PQDZYEUKTJkYptPZexoBq060BI3ghQTw.jpg',NULL,'240_F_102550717_A3qkUlz2uCT6kZzvOwbTXqhgdXGbalDb.jpg',NULL,NULL,NULL,NULL,3,NULL),
(430,'0159496975A',109,1,'29/10/2024','Chrysler','','JEEP/LIBERTY (KJ)/LIMITED','','2007\r','2024-11-22 17:33:59','240_F_34927412_PQDZYEUKTJkYptPZexoBq060BI3ghQTw.jpg',NULL,'240_F_102550717_A3qkUlz2uCT6kZzvOwbTXqhgdXGbalDb.jpg',NULL,NULL,NULL,NULL,3,NULL),
(431,'0159116086A',109,1,'29/10/2024','Mazda','','MAZDA/3  (BL)/I TOURING','','2011\r','2024-11-22 17:33:59','240_F_34927412_PQDZYEUKTJkYptPZexoBq060BI3ghQTw.jpg',NULL,'240_F_102550717_A3qkUlz2uCT6kZzvOwbTXqhgdXGbalDb.jpg',NULL,NULL,NULL,NULL,3,NULL),
(432,'0156833501A',109,1,'29/10/2024','Hyundai','','HYUNDAI/GRAND I 10 (PB4)/GL','','2015\r','2024-11-22 17:33:59','240_F_34927412_PQDZYEUKTJkYptPZexoBq060BI3ghQTw.jpg',NULL,'240_F_102550717_A3qkUlz2uCT6kZzvOwbTXqhgdXGbalDb.jpg',NULL,NULL,NULL,NULL,3,NULL),
(433,'0160171906A',109,1,'29/10/2024','Chevrolet','','CHEVROLET/CORSA C/BASICO','','2003\r','2024-11-22 17:33:59','240_F_34927412_PQDZYEUKTJkYptPZexoBq060BI3ghQTw.jpg',NULL,'240_F_102550717_A3qkUlz2uCT6kZzvOwbTXqhgdXGbalDb.jpg',NULL,NULL,NULL,NULL,3,NULL),
(434,'0160079356A',109,1,'29/10/2024','Honda','','HONDA/ACCORD/SPORT','','2016\r','2024-11-22 17:33:59','240_F_34927412_PQDZYEUKTJkYptPZexoBq060BI3ghQTw.jpg',NULL,'240_F_102550717_A3qkUlz2uCT6kZzvOwbTXqhgdXGbalDb.jpg',NULL,NULL,NULL,NULL,3,NULL),
(435,'0159116086A',109,1,'29/10/2024','Mazda','','MAZDA/3  (BL)/I TOURING','','2011\r','2024-11-22 17:33:59','240_F_34927412_PQDZYEUKTJkYptPZexoBq060BI3ghQTw.jpg',NULL,'240_F_102550717_A3qkUlz2uCT6kZzvOwbTXqhgdXGbalDb.jpg',NULL,NULL,NULL,NULL,3,NULL),
(436,'0158909952T',109,1,'29/10/2024','Chevrolet','','CHEVROLET/SONIC KL/KM/MJ/1J/LT','','2017\r','2024-11-22 17:33:59','240_F_34927412_PQDZYEUKTJkYptPZexoBq060BI3ghQTw.jpg',NULL,'240_F_102550717_A3qkUlz2uCT6kZzvOwbTXqhgdXGbalDb.jpg',NULL,NULL,NULL,NULL,3,NULL),
(437,'0159986595A',109,1,'29/10/2024','Seat','','SEAT/IBIZA/REFERENCE','','2012\r','2024-11-22 17:33:59','240_F_34927412_PQDZYEUKTJkYptPZexoBq060BI3ghQTw.jpg',NULL,'240_F_102550717_A3qkUlz2uCT6kZzvOwbTXqhgdXGbalDb.jpg',NULL,NULL,NULL,NULL,3,NULL),
(438,'0160114666A',109,1,'29/10/2024','Nissan','','NISSAN/VERSA (N17X)/ADVANCE','','2014\r','2024-11-22 17:33:59','240_F_34927412_PQDZYEUKTJkYptPZexoBq060BI3ghQTw.jpg',NULL,'240_F_102550717_A3qkUlz2uCT6kZzvOwbTXqhgdXGbalDb.jpg',NULL,NULL,NULL,NULL,3,NULL),
(439,'0160438552A',109,1,'31/10/2024','Seat','','SEAT/IBIZA/BLITZ','','2014\r','2024-11-22 17:33:59','240_F_34927412_PQDZYEUKTJkYptPZexoBq060BI3ghQTw.jpg',NULL,'240_F_102550717_A3qkUlz2uCT6kZzvOwbTXqhgdXGbalDb.jpg',NULL,NULL,NULL,NULL,3,NULL),
(440,'0160612172A',109,1,'31/10/2024','Honda','','HONDA/CITY VI (GM6)/EX','','2016\r','2024-11-22 17:33:59','240_F_34927412_PQDZYEUKTJkYptPZexoBq060BI3ghQTw.jpg',NULL,'240_F_102550717_A3qkUlz2uCT6kZzvOwbTXqhgdXGbalDb.jpg',NULL,NULL,NULL,NULL,3,NULL),
(441,'0160604880A',109,1,'1/11/2024','Chevrolet','','CHEVROLET/AVEO (SH4)/LTZ','','2018','2024-11-22 17:33:59','240_F_34927412_PQDZYEUKTJkYptPZexoBq060BI3ghQTw.jpg',NULL,'240_F_102550717_A3qkUlz2uCT6kZzvOwbTXqhgdXGbalDb.jpg',NULL,NULL,NULL,NULL,3,NULL);
/*!40000 ALTER TABLE `siniestros` ENABLE KEYS */;
UNLOCK TABLES;

--
-- Table structure for table `talleres`
--

DROP TABLE IF EXISTS `talleres`;
/*!40101 SET @saved_cs_client     = @@character_set_client */;
/*!40101 SET character_set_client = utf8mb4 */;
CREATE TABLE `talleres` (
  `id_taller` int(11) NOT NULL AUTO_INCREMENT,
  `nombre` varchar(255) DEFAULT NULL,
  `nombre_contacto` varchar(255) DEFAULT NULL,
  `direccion_completa` varchar(255) DEFAULT NULL,
  `calle` varchar(255) DEFAULT NULL,
  `colonia` varchar(255) DEFAULT NULL,
  `cp` varchar(255) DEFAULT NULL,
  `municipio` varchar(255) DEFAULT NULL,
  `telefono_contacto` varchar(255) DEFAULT NULL,
  `estado` varchar(45) DEFAULT NULL,
  `numero_exterior` varchar(255) DEFAULT NULL,
  `coordenadas` varchar(255) DEFAULT NULL,
  PRIMARY KEY (`id_taller`)
) ENGINE=InnoDB AUTO_INCREMENT=33 DEFAULT CHARSET=utf8mb4 COLLATE=utf8mb4_general_ci;
/*!40101 SET character_set_client = @saved_cs_client */;

--
-- Dumping data for table `talleres`
--

LOCK TABLES `talleres` WRITE;
/*!40000 ALTER TABLE `talleres` DISABLE KEYS */;
INSERT INTO `talleres` VALUES
(10,'ROCO AUTOMOTRIZ XOCHIMILCO',NULL,'Av. Revolución 181 ,colonia Tepalcates, Ciudad de México, CP 9210',NULL,NULL,NULL,NULL,NULL,NULL,NULL,'19.3899148, -99.05752179999999\r'),
(11,'TOYOTA ZARAGOZA',NULL,'Calz. Ignacio Zaragoza 1577 ,colonia Tepalcates, Ciudad de México, CP 9210',NULL,NULL,NULL,NULL,NULL,NULL,NULL,'19.3920258, -99.04948549999999\r'),
(12,'VW LA VILLA',NULL,'Ferrocarril Hidalgo 890 ,colonia Aragon, Ciudad de México, CP 7000',NULL,NULL,NULL,NULL,NULL,NULL,NULL,'19.4774784, -99.1105121\r'),
(13,'SEAT LA VILLA',NULL,'F.C. Hidalgo 890 ,colonia Aragón la Villa, Ciudad de México, CP 7000',NULL,NULL,NULL,NULL,NULL,NULL,NULL,'19.4774784, -99.1105121\r'),
(14,'DIVOL TULTITLAN',NULL,'Av. José López Portillo 527 ,colonia Fuentes del Valle, San Mateo Cuautepec, Estado de México, CP 54860',NULL,NULL,NULL,NULL,NULL,NULL,NULL,'19.6282616, -99.141595\r'),
(15,'SEAT LOMAS',NULL,'Anillo Periférico 401 ,colonia Loma Hermosa, Ciudad de México, CP 11200',NULL,NULL,NULL,NULL,NULL,NULL,NULL,'19.443755, -99.2167982\r'),
(16,'NISSAN GEISHA CUITLAHUAC',NULL,'Av Cuitlahuac 3395 ,colonia San Bernabé, Ciudad de México, CP 2830',NULL,NULL,NULL,NULL,NULL,NULL,NULL,'19.4686551, -99.1738992\r'),
(17,'VW DIZAR',NULL,'Calz. Ignacio Zaragoza 1431 ,colonia Tepalcates, Ciudad de México, CP 9210',NULL,NULL,NULL,NULL,NULL,NULL,NULL,'19.3921906, -99.04987009999999\r'),
(18,'ROCO XOCHIMILCO',NULL,'Av. Guadalupe I. Ramírez 284-A ,colonia San Marcos, Ciudad de México, CP 16050',NULL,NULL,NULL,NULL,NULL,NULL,NULL,'19.2655048, -99.1136439\r'),
(19,'TOYOTA INTERLOMAS',NULL,'Blvd. Magno Centro 17 ,colonia Centro Urbano San Fernando La Herradura, Estado de México, CP 52760',NULL,NULL,NULL,NULL,NULL,NULL,NULL,'19.4029121, -99.2720387\r'),
(20,'AUTOSAT DEL VALLE / CENTRO DE SERVICIO',NULL,'Adolfo Prieto 1249 ,colonia Del Valle, Col del Valle Sur, Ciudad de México, CP 3100',NULL,NULL,NULL,NULL,NULL,NULL,NULL,'19.3817725, -99.17038009999999\r'),
(21,'AUDI SATELITE',NULL,'Manuel Avila Camacho 3039 ,colonia San Andres Atenco, Estado de México, CP 54040',NULL,NULL,NULL,NULL,NULL,NULL,NULL,'19.5410564, -99.2131845\r'),
(22,'KIA INTERLOMAS',NULL,'Av. Magnocentro Norte 54 ,colonia Bosque de las Palmas, Estado de México, CP 52760',NULL,NULL,NULL,NULL,NULL,NULL,NULL,'19.4060479, -99.274979\r'),
(23,'MOMENTUM SATELITE',NULL,'Blvd Manuel Avila Camacho 2489 ,colonia Viveros del Valle, Estado de México, CP 54060',NULL,NULL,NULL,NULL,NULL,NULL,NULL,'19.5331608, -99.219027\r'),
(24,'BMW LINDAVISTA',NULL,'Calzada Vallejo 1030 ,colonia Industrial Vallejo, Azcapotzalco, Ciudad de México, CP 2300',NULL,NULL,NULL,NULL,NULL,NULL,NULL,'19.496972, -99.1558427\r'),
(25,'BMW CEVER SAN ANTONIO',NULL,'Nueva York 289 ,colonia Nápoles, Ciudad de México, CP 3810',NULL,NULL,NULL,NULL,NULL,NULL,NULL,'19.3874866, -99.1757607\r'),
(26,'BMW COLLITION CENTER',NULL,'Av. Central 401 ,colonia San Pedro de los Pinos, Ciudad de México, CP 1180',NULL,NULL,NULL,NULL,NULL,NULL,NULL,'19.5209985, -99.07286649999999\r'),
(27,'AUDI CENTER SATELITE',NULL,'Manuel Avila Camacho 3039 ,colonia San Andres Atenco, Estado de México, CP 54040',NULL,NULL,NULL,NULL,NULL,NULL,NULL,'19.5410564, -99.2131845\r'),
(28,'AUTOANGAR',NULL,'Tlahuac 4799 ,colonia El Vergel, Ciudad de México, CP 9880',NULL,NULL,NULL,NULL,NULL,NULL,NULL,'19.3192249, -99.07977009999999\r'),
(29,'HAYSA OPPAMA',NULL,'',NULL,NULL,NULL,NULL,NULL,NULL,NULL,'\r'),
(30,'COMERCIALIZADORA SARSAN',NULL,'',NULL,NULL,NULL,NULL,NULL,NULL,NULL,'\r'),
(31,'GRAND CASARPA CALLE 3 MULTIMARCA',NULL,'Av. del Taller 15830 ,colonia Artes Gráficas, Ciudad de México, CP 15830',NULL,NULL,NULL,NULL,NULL,NULL,NULL,'19.4134853, -99.1273766\r'),
(32,'TECNO CAR',NULL,'Matías Romero 186 ,colonia Independencia, Ciudad de México, CP 3630',NULL,NULL,NULL,NULL,NULL,NULL,NULL,'19.3779515, -99.1495087');
/*!40000 ALTER TABLE `talleres` ENABLE KEYS */;
UNLOCK TABLES;

--
-- Table structure for table `talleres_aseguradoras`
--

DROP TABLE IF EXISTS `talleres_aseguradoras`;
/*!40101 SET @saved_cs_client     = @@character_set_client */;
/*!40101 SET character_set_client = utf8mb4 */;
CREATE TABLE `talleres_aseguradoras` (
  `id_taller_aseguradora` int(11) NOT NULL AUTO_INCREMENT,
  `id_taller` int(11) NOT NULL,
  `id_aseguradora` int(11) NOT NULL,
  PRIMARY KEY (`id_taller_aseguradora`),
  KEY `fk_talleres` (`id_taller`),
  KEY `fk_aseguradora_2` (`id_aseguradora`),
  CONSTRAINT `fk_aseguradora_2` FOREIGN KEY (`id_aseguradora`) REFERENCES `aseguradoras` (`id_aseguradora`),
  CONSTRAINT `fk_talleres` FOREIGN KEY (`id_taller`) REFERENCES `talleres` (`id_taller`)
) ENGINE=InnoDB AUTO_INCREMENT=323 DEFAULT CHARSET=utf8mb4 COLLATE=utf8mb4_general_ci;
/*!40101 SET character_set_client = @saved_cs_client */;

--
-- Dumping data for table `talleres_aseguradoras`
--

LOCK TABLES `talleres_aseguradoras` WRITE;
/*!40000 ALTER TABLE `talleres_aseguradoras` DISABLE KEYS */;
INSERT INTO `talleres_aseguradoras` VALUES
(300,23,1),
(301,24,1),
(302,25,1),
(303,26,1),
(304,27,1),
(305,28,1),
(306,29,1),
(307,30,1),
(308,31,1),
(309,32,1),
(310,11,3),
(311,12,3),
(312,13,3),
(313,14,3),
(314,15,3),
(315,16,3),
(316,10,5),
(317,17,5),
(318,18,5),
(319,19,5),
(320,20,5),
(321,21,5),
(322,22,5);
/*!40000 ALTER TABLE `talleres_aseguradoras` ENABLE KEYS */;
UNLOCK TABLES;

--
-- Dumping routines for database 'db_molduplastic'
--
/*!40103 SET TIME_ZONE=@OLD_TIME_ZONE */;

/*!40101 SET SQL_MODE=@OLD_SQL_MODE */;
/*!40014 SET FOREIGN_KEY_CHECKS=@OLD_FOREIGN_KEY_CHECKS */;
/*!40014 SET UNIQUE_CHECKS=@OLD_UNIQUE_CHECKS */;
/*!40101 SET CHARACTER_SET_CLIENT=@OLD_CHARACTER_SET_CLIENT */;
/*!40101 SET CHARACTER_SET_RESULTS=@OLD_CHARACTER_SET_RESULTS */;
/*!40101 SET COLLATION_CONNECTION=@OLD_COLLATION_CONNECTION */;
/*!40111 SET SQL_NOTES=@OLD_SQL_NOTES */;

-- Dump completed on 2025-08-27 18:01:58
