-- MySQL dump 10.13  Distrib 8.0.19, for Win64 (x86_64)
--
-- Host: localhost    Database: db_escuela_full
-- ------------------------------------------------------
-- Server version	5.5.5-10.11.2-MariaDB

/*!40101 SET @OLD_CHARACTER_SET_CLIENT=@@CHARACTER_SET_CLIENT */;
/*!40101 SET @OLD_CHARACTER_SET_RESULTS=@@CHARACTER_SET_RESULTS */;
/*!40101 SET @OLD_COLLATION_CONNECTION=@@COLLATION_CONNECTION */;
/*!50503 SET NAMES utf8mb4 */;
/*!40103 SET @OLD_TIME_ZONE=@@TIME_ZONE */;
/*!40103 SET TIME_ZONE='+00:00' */;
/*!40014 SET @OLD_UNIQUE_CHECKS=@@UNIQUE_CHECKS, UNIQUE_CHECKS=0 */;
/*!40014 SET @OLD_FOREIGN_KEY_CHECKS=@@FOREIGN_KEY_CHECKS, FOREIGN_KEY_CHECKS=0 */;
/*!40101 SET @OLD_SQL_MODE=@@SQL_MODE, SQL_MODE='NO_AUTO_VALUE_ON_ZERO' */;
/*!40111 SET @OLD_SQL_NOTES=@@SQL_NOTES, SQL_NOTES=0 */;

--
-- Table structure for table `asignaciones`
--

DROP TABLE IF EXISTS `asignaciones`;
/*!40101 SET @saved_cs_client     = @@character_set_client */;
/*!50503 SET character_set_client = utf8mb4 */;
CREATE TABLE `asignaciones` (
  `id_asignacion` int(11) NOT NULL,
  `id_profesor` int(11) DEFAULT NULL,
  `id_materia` int(11) DEFAULT NULL,
  `periodo` int(11) DEFAULT NULL,
  PRIMARY KEY (`id_asignacion`),
  KEY `fk_asignacion_persona` (`id_profesor`),
  KEY `fk_asignacion_materia` (`id_materia`),
  CONSTRAINT `fk_asignacion_materia` FOREIGN KEY (`id_materia`) REFERENCES `materias` (`id_materia`),
  CONSTRAINT `fk_asignacion_persona` FOREIGN KEY (`id_profesor`) REFERENCES `personas` (`id_persona`)
) ENGINE=InnoDB DEFAULT CHARSET=utf8mb4 COLLATE=utf8mb4_spanish_ci;
/*!40101 SET character_set_client = @saved_cs_client */;

--
-- Dumping data for table `asignaciones`
--

LOCK TABLES `asignaciones` WRITE;
/*!40000 ALTER TABLE `asignaciones` DISABLE KEYS */;
INSERT INTO `asignaciones` VALUES (100,119,100,2024),(101,115,101,2024),(102,120,102,2024),(103,116,103,2024);
/*!40000 ALTER TABLE `asignaciones` ENABLE KEYS */;
UNLOCK TABLES;

--
-- Table structure for table `asistencias`
--

DROP TABLE IF EXISTS `asistencias`;
/*!40101 SET @saved_cs_client     = @@character_set_client */;
/*!50503 SET character_set_client = utf8mb4 */;
CREATE TABLE `asistencias` (
  `id_asistencia` int(11) NOT NULL,
  `id_inscripcion` int(11) DEFAULT NULL,
  `fecha` date DEFAULT NULL,
  PRIMARY KEY (`id_asistencia`),
  KEY `fk_asistencia_inscripcion` (`id_inscripcion`),
  CONSTRAINT `fk_asistencia_inscripcion` FOREIGN KEY (`id_inscripcion`) REFERENCES `inscripciones` (`id_inscripcion`)
) ENGINE=InnoDB DEFAULT CHARSET=utf8mb4 COLLATE=utf8mb4_spanish_ci;
/*!40101 SET character_set_client = @saved_cs_client */;

--
-- Dumping data for table `asistencias`
--

LOCK TABLES `asistencias` WRITE;
/*!40000 ALTER TABLE `asistencias` DISABLE KEYS */;
INSERT INTO `asistencias` VALUES (100,100,'2024-08-02'),(101,100,'2024-08-03'),(102,100,'2024-08-04'),(103,100,'2024-08-05'),(104,100,'2024-08-06'),(105,100,'2024-08-09'),(106,100,'2024-08-10'),(107,100,'2024-08-11'),(108,100,'2024-08-12'),(109,100,'2024-08-13'),(110,101,'2024-08-02'),(111,101,'2024-08-03'),(112,101,'2024-08-04'),(113,101,'2024-08-05'),(114,101,'2024-08-06'),(115,101,'2024-08-09'),(116,101,'2024-08-10'),(117,101,'2024-08-11'),(118,101,'2024-08-12'),(119,101,'2024-08-13'),(120,102,'2024-08-02'),(121,102,'2024-08-03'),(122,102,'2024-08-04'),(123,102,'2024-08-05'),(124,102,'2024-08-06'),(125,102,'2024-08-09'),(126,102,'2024-08-10'),(127,102,'2024-08-11'),(128,102,'2024-08-12'),(129,102,'2024-08-13'),(130,103,'2024-08-02'),(131,103,'2024-08-03'),(132,103,'2024-08-04'),(133,103,'2024-08-05'),(134,103,'2024-08-06'),(135,103,'2024-08-09'),(136,103,'2024-08-10'),(137,103,'2024-08-11'),(138,103,'2024-08-12'),(139,103,'2024-08-13'),(140,104,'2024-08-02'),(141,104,'2024-08-03'),(142,104,'2024-08-04'),(143,104,'2024-08-05'),(144,104,'2024-08-06'),(145,104,'2024-08-09'),(146,104,'2024-08-10'),(147,104,'2024-08-12'),(148,104,'2024-08-13'),(149,105,'2024-08-02'),(150,105,'2024-08-03'),(151,105,'2024-08-04'),(152,105,'2024-08-05'),(153,105,'2024-08-06'),(154,105,'2024-08-09'),(155,105,'2024-08-10'),(156,105,'2024-08-11'),(157,105,'2024-08-12'),(158,105,'2024-08-13'),(159,106,'2024-08-02'),(160,106,'2024-08-03'),(161,106,'2024-08-04'),(162,106,'2024-08-05'),(163,106,'2024-08-06'),(164,106,'2024-08-09'),(165,106,'2024-08-10'),(166,106,'2024-08-11'),(167,106,'2024-08-12'),(168,106,'2024-08-13'),(169,107,'2024-08-02'),(170,107,'2024-08-03'),(171,107,'2024-08-04'),(172,107,'2024-08-05'),(173,107,'2024-08-06'),(174,107,'2024-08-09'),(175,107,'2024-08-10'),(176,107,'2024-08-11'),(177,107,'2024-08-12'),(178,107,'2024-08-13'),(179,108,'2024-08-02'),(180,108,'2024-08-03'),(181,108,'2024-08-04'),(182,108,'2024-08-05'),(183,108,'2024-08-06'),(184,108,'2024-08-09'),(185,108,'2024-08-10'),(186,108,'2024-08-11'),(187,108,'2024-08-12'),(188,108,'2024-08-13'),(189,109,'2024-08-02'),(190,109,'2024-08-03'),(191,109,'2024-08-04'),(192,109,'2024-08-05'),(193,109,'2024-08-09'),(194,109,'2024-08-10'),(195,109,'2024-08-11'),(196,109,'2024-08-12'),(197,109,'2024-08-13'),(198,110,'2024-08-02'),(199,110,'2024-08-03'),(200,110,'2024-08-04'),(201,110,'2024-08-05'),(202,110,'2024-08-06'),(203,110,'2024-08-09'),(204,110,'2024-08-10'),(205,110,'2024-08-12'),(206,110,'2024-08-13'),(207,111,'2024-08-02'),(208,111,'2024-08-03'),(209,111,'2024-08-04'),(210,111,'2024-08-05'),(211,111,'2024-08-06'),(212,111,'2024-08-10'),(213,111,'2024-08-11'),(214,111,'2024-08-12'),(215,111,'2024-08-13'),(216,112,'2024-08-02'),(217,112,'2024-08-03'),(218,112,'2024-08-04'),(219,112,'2024-08-05'),(220,112,'2024-08-06'),(221,112,'2024-08-09'),(222,112,'2024-08-10'),(223,112,'2024-08-11'),(224,112,'2024-08-12'),(225,112,'2024-08-13'),(226,113,'2024-08-02'),(227,113,'2024-08-03'),(228,113,'2024-08-04'),(229,113,'2024-08-05'),(230,113,'2024-08-06'),(231,113,'2024-08-09'),(232,113,'2024-08-10'),(233,113,'2024-08-11'),(234,113,'2024-08-12'),(235,113,'2024-08-13'),(236,114,'2024-08-02'),(237,114,'2024-08-03'),(238,114,'2024-08-04'),(239,114,'2024-08-05'),(240,114,'2024-08-06'),(241,114,'2024-08-09'),(242,114,'2024-08-10'),(243,114,'2024-08-11'),(244,114,'2024-08-13'),(245,115,'2024-08-02'),(246,115,'2024-08-03'),(247,115,'2024-08-04'),(248,115,'2024-08-05'),(249,115,'2024-08-06'),(250,115,'2024-08-09'),(251,115,'2024-08-10'),(252,115,'2024-08-11'),(253,115,'2024-08-12'),(254,115,'2024-08-13'),(255,116,'2024-08-02'),(256,116,'2024-08-03'),(257,116,'2024-08-04'),(258,116,'2024-08-05'),(259,116,'2024-08-06'),(260,116,'2024-08-09'),(261,116,'2024-08-10'),(262,116,'2024-08-11'),(263,116,'2024-08-12'),(264,116,'2024-08-13'),(265,117,'2024-08-02'),(266,117,'2024-08-03'),(267,117,'2024-08-04'),(268,117,'2024-08-05'),(269,117,'2024-08-06'),(270,117,'2024-08-09'),(271,117,'2024-08-10'),(272,117,'2024-08-11'),(273,117,'2024-08-12'),(274,117,'2024-08-13'),(275,118,'2024-08-02'),(276,118,'2024-08-03'),(277,118,'2024-08-04'),(278,118,'2024-08-05'),(279,118,'2024-08-06'),(280,118,'2024-08-09'),(281,118,'2024-08-10'),(282,118,'2024-08-11'),(283,118,'2024-08-12'),(284,118,'2024-08-13'),(285,119,'2024-08-02'),(286,119,'2024-08-03'),(287,119,'2024-08-05'),(288,119,'2024-08-06'),(289,119,'2024-08-09'),(290,119,'2024-08-10'),(291,119,'2024-08-11'),(292,119,'2024-08-12'),(293,119,'2024-08-13'),(294,120,'2024-08-03'),(295,120,'2024-08-04'),(296,120,'2024-08-05'),(297,120,'2024-08-06'),(298,120,'2024-08-09'),(299,120,'2024-08-10'),(300,120,'2024-08-11'),(301,120,'2024-08-12'),(302,120,'2024-08-13'),(303,121,'2024-08-02'),(304,121,'2024-08-03'),(305,121,'2024-08-04'),(306,121,'2024-08-05'),(307,121,'2024-08-06'),(308,121,'2024-08-09'),(309,121,'2024-08-10'),(310,121,'2024-08-11'),(311,121,'2024-08-12'),(312,121,'2024-08-13'),(313,122,'2024-08-02'),(314,122,'2024-08-03'),(315,122,'2024-08-04'),(316,122,'2024-08-06'),(317,122,'2024-08-09'),(318,122,'2024-08-10'),(319,122,'2024-08-11'),(320,122,'2024-08-13'),(321,123,'2024-08-02'),(322,123,'2024-08-03'),(323,123,'2024-08-04'),(324,123,'2024-08-05'),(325,123,'2024-08-06'),(326,123,'2024-08-09'),(327,123,'2024-08-10'),(328,123,'2024-08-11'),(329,123,'2024-08-12'),(330,124,'2024-08-02'),(331,124,'2024-08-03'),(332,124,'2024-08-04'),(333,124,'2024-08-05'),(334,124,'2024-08-06'),(335,124,'2024-08-09'),(336,124,'2024-08-10'),(337,124,'2024-08-11'),(338,124,'2024-08-12'),(339,124,'2024-08-13'),(340,125,'2024-08-02'),(341,125,'2024-08-03'),(342,125,'2024-08-04'),(343,125,'2024-08-05'),(344,125,'2024-08-06'),(345,125,'2024-08-09'),(346,125,'2024-08-10'),(347,125,'2024-08-11'),(348,125,'2024-08-12'),(349,125,'2024-08-13'),(350,126,'2024-08-02'),(351,126,'2024-08-03'),(352,126,'2024-08-04'),(353,126,'2024-08-05'),(354,126,'2024-08-06'),(355,126,'2024-08-09'),(356,126,'2024-08-10'),(357,126,'2024-08-11'),(358,126,'2024-08-12'),(359,126,'2024-08-13'),(360,127,'2024-08-02'),(361,127,'2024-08-03'),(362,127,'2024-08-04'),(363,127,'2024-08-05'),(364,127,'2024-08-06'),(365,127,'2024-08-09'),(366,127,'2024-08-10'),(367,127,'2024-08-11'),(368,127,'2024-08-12'),(369,127,'2024-08-13'),(370,128,'2024-08-03'),(371,128,'2024-08-04'),(372,128,'2024-08-05'),(373,128,'2024-08-06'),(374,128,'2024-08-09'),(375,128,'2024-08-10'),(376,128,'2024-08-11'),(377,128,'2024-08-12'),(378,128,'2024-08-13'),(379,129,'2024-08-02'),(380,129,'2024-08-03'),(381,129,'2024-08-04'),(382,129,'2024-08-05'),(383,129,'2024-08-06'),(384,129,'2024-08-09'),(385,129,'2024-08-10'),(386,129,'2024-08-11'),(387,129,'2024-08-12'),(388,129,'2024-08-13'),(389,130,'2024-08-02'),(390,130,'2024-08-03'),(391,130,'2024-08-04'),(392,130,'2024-08-05'),(393,130,'2024-08-06'),(394,130,'2024-08-10'),(395,130,'2024-08-11'),(396,130,'2024-08-13'),(397,131,'2024-08-02'),(398,131,'2024-08-03'),(399,131,'2024-08-04'),(400,131,'2024-08-05'),(401,131,'2024-08-06'),(402,131,'2024-08-09'),(403,131,'2024-08-10'),(404,131,'2024-08-11'),(405,131,'2024-08-12'),(406,131,'2024-08-13'),(407,132,'2024-08-02'),(408,132,'2024-08-03'),(409,132,'2024-08-04'),(410,132,'2024-08-05'),(411,132,'2024-08-06'),(412,132,'2024-08-09'),(413,132,'2024-08-10'),(414,132,'2024-08-11'),(415,132,'2024-08-12'),(416,132,'2024-08-13'),(417,133,'2024-08-02'),(418,133,'2024-08-03'),(419,133,'2024-08-04'),(420,133,'2024-08-05'),(421,133,'2024-08-06'),(422,133,'2024-08-09'),(423,133,'2024-08-10'),(424,133,'2024-08-11'),(425,133,'2024-08-12'),(426,133,'2024-08-13'),(427,134,'2024-08-02'),(428,134,'2024-08-03'),(429,134,'2024-08-04'),(430,134,'2024-08-05'),(431,134,'2024-08-06'),(432,134,'2024-08-09'),(433,134,'2024-08-10'),(434,134,'2024-08-11'),(435,134,'2024-08-12'),(436,134,'2024-08-13'),(437,135,'2024-08-02'),(438,135,'2024-08-03'),(439,135,'2024-08-04'),(440,135,'2024-08-05'),(441,135,'2024-08-09'),(442,135,'2024-08-10'),(443,135,'2024-08-11'),(444,135,'2024-08-12'),(445,135,'2024-08-13'),(446,136,'2024-08-02'),(447,136,'2024-08-03'),(448,136,'2024-08-04'),(449,136,'2024-08-05'),(450,136,'2024-08-06'),(451,136,'2024-08-09'),(452,136,'2024-08-10'),(453,136,'2024-08-11'),(454,136,'2024-08-12'),(455,136,'2024-08-13'),(456,137,'2024-08-02'),(457,137,'2024-08-03'),(458,137,'2024-08-04'),(459,137,'2024-08-05'),(460,137,'2024-08-06'),(461,137,'2024-08-09'),(462,137,'2024-08-10'),(463,137,'2024-08-11'),(464,137,'2024-08-12'),(465,137,'2024-08-13'),(466,138,'2024-08-02'),(467,138,'2024-08-03'),(468,138,'2024-08-04'),(469,138,'2024-08-05'),(470,138,'2024-08-06'),(471,138,'2024-08-09'),(472,138,'2024-08-10'),(473,138,'2024-08-11'),(474,138,'2024-08-12'),(475,138,'2024-08-13'),(476,139,'2024-08-02'),(477,139,'2024-08-03'),(478,139,'2024-08-04'),(479,139,'2024-08-05'),(480,139,'2024-08-06'),(481,139,'2024-08-09'),(482,139,'2024-08-11'),(483,139,'2024-08-12'),(484,139,'2024-08-13'),(485,140,'2024-08-02'),(486,140,'2024-08-03'),(487,140,'2024-08-04'),(488,140,'2024-08-05'),(489,140,'2024-08-06'),(490,140,'2024-08-09'),(491,140,'2024-08-11'),(492,140,'2024-08-12'),(493,140,'2024-08-13'),(494,141,'2024-08-02'),(495,141,'2024-08-03'),(496,141,'2024-08-04'),(497,141,'2024-08-05'),(498,141,'2024-08-06'),(499,141,'2024-08-09'),(500,141,'2024-08-10'),(501,141,'2024-08-11'),(502,141,'2024-08-12'),(503,142,'2024-08-02'),(504,142,'2024-08-03'),(505,142,'2024-08-04'),(506,142,'2024-08-05'),(507,142,'2024-08-06'),(508,142,'2024-08-09'),(509,142,'2024-08-10'),(510,142,'2024-08-11'),(511,142,'2024-08-12'),(512,142,'2024-08-13'),(513,143,'2024-08-02'),(514,143,'2024-08-03'),(515,143,'2024-08-04'),(516,143,'2024-08-05'),(517,143,'2024-08-06'),(518,143,'2024-08-09'),(519,143,'2024-08-11'),(520,143,'2024-08-12'),(521,143,'2024-08-13'),(522,144,'2024-08-02'),(523,144,'2024-08-03'),(524,144,'2024-08-04'),(525,144,'2024-08-05'),(526,144,'2024-08-06'),(527,144,'2024-08-09'),(528,144,'2024-08-10'),(529,144,'2024-08-11'),(530,144,'2024-08-12'),(531,144,'2024-08-13'),(532,145,'2024-08-02'),(533,145,'2024-08-03'),(534,145,'2024-08-04'),(535,145,'2024-08-05'),(536,145,'2024-08-06'),(537,145,'2024-08-09'),(538,145,'2024-08-10'),(539,145,'2024-08-11'),(540,145,'2024-08-13'),(541,146,'2024-08-02'),(542,146,'2024-08-03'),(543,146,'2024-08-04'),(544,146,'2024-08-05'),(545,146,'2024-08-06'),(546,146,'2024-08-09'),(547,146,'2024-08-10'),(548,146,'2024-08-11'),(549,146,'2024-08-13'),(550,147,'2024-08-02'),(551,147,'2024-08-03'),(552,147,'2024-08-04'),(553,147,'2024-08-05'),(554,147,'2024-08-06'),(555,147,'2024-08-09'),(556,147,'2024-08-10'),(557,147,'2024-08-11'),(558,147,'2024-08-12'),(559,147,'2024-08-13'),(560,148,'2024-08-02'),(561,148,'2024-08-03'),(562,148,'2024-08-04'),(563,148,'2024-08-05'),(564,148,'2024-08-06'),(565,148,'2024-08-09'),(566,148,'2024-08-10'),(567,148,'2024-08-11'),(568,148,'2024-08-12'),(569,148,'2024-08-13'),(570,149,'2024-08-02'),(571,149,'2024-08-03'),(572,149,'2024-08-04'),(573,149,'2024-08-05'),(574,149,'2024-08-06'),(575,149,'2024-08-09'),(576,149,'2024-08-10'),(577,149,'2024-08-11'),(578,149,'2024-08-12'),(579,149,'2024-08-13'),(580,150,'2024-08-02'),(581,150,'2024-08-03'),(582,150,'2024-08-04'),(583,150,'2024-08-05'),(584,150,'2024-08-06'),(585,150,'2024-08-09'),(586,150,'2024-08-10'),(587,150,'2024-08-11'),(588,150,'2024-08-12'),(589,150,'2024-08-13'),(590,151,'2024-08-02'),(591,151,'2024-08-03'),(592,151,'2024-08-04'),(593,151,'2024-08-05'),(594,151,'2024-08-06'),(595,151,'2024-08-09'),(596,151,'2024-08-10'),(597,151,'2024-08-11'),(598,151,'2024-08-12'),(600,152,'2024-08-03'),(601,152,'2024-08-04'),(602,152,'2024-08-05'),(603,152,'2024-08-06'),(604,152,'2024-08-09'),(605,152,'2024-08-10'),(606,152,'2024-08-11'),(607,152,'2024-08-12'),(608,152,'2024-08-13'),(609,153,'2024-08-02'),(610,153,'2024-08-03'),(611,153,'2024-08-04'),(612,153,'2024-08-05'),(613,153,'2024-08-06'),(614,153,'2024-08-09'),(615,153,'2024-08-10'),(616,153,'2024-08-11'),(617,153,'2024-08-12'),(618,154,'2024-08-02'),(619,154,'2024-08-03'),(620,154,'2024-08-04'),(621,154,'2024-08-05'),(622,154,'2024-08-06'),(623,154,'2024-08-09'),(624,154,'2024-08-10'),(625,154,'2024-08-11'),(626,154,'2024-08-12'),(627,154,'2024-08-13'),(628,155,'2024-08-02'),(629,155,'2024-08-03'),(630,155,'2024-08-04'),(631,155,'2024-08-05'),(632,155,'2024-08-06'),(633,155,'2024-08-09'),(634,155,'2024-08-10'),(635,155,'2024-08-11'),(636,155,'2024-08-12'),(637,155,'2024-08-13'),(638,156,'2024-08-02'),(639,156,'2024-08-03'),(640,156,'2024-08-04'),(641,156,'2024-08-05'),(642,156,'2024-08-06'),(643,156,'2024-08-09'),(644,156,'2024-08-10'),(645,156,'2024-08-12'),(646,156,'2024-08-13'),(647,157,'2024-08-02'),(648,157,'2024-08-04'),(649,157,'2024-08-05'),(650,157,'2024-08-06'),(651,157,'2024-08-09'),(652,157,'2024-08-10'),(653,157,'2024-08-11'),(654,157,'2024-08-12'),(655,157,'2024-08-13'),(656,158,'2024-08-02'),(657,158,'2024-08-03'),(658,158,'2024-08-04'),(659,158,'2024-08-05'),(660,158,'2024-08-06'),(661,158,'2024-08-09'),(662,158,'2024-08-10'),(663,158,'2024-08-11'),(664,158,'2024-08-12'),(665,158,'2024-08-13'),(666,159,'2024-08-02'),(667,159,'2024-08-03'),(668,159,'2024-08-04'),(669,159,'2024-08-05'),(670,159,'2024-08-06'),(671,159,'2024-08-09'),(672,159,'2024-08-10'),(673,159,'2024-08-11'),(674,159,'2024-08-12'),(675,159,'2024-08-13');
/*!40000 ALTER TABLE `asistencias` ENABLE KEYS */;
UNLOCK TABLES;

--
-- Table structure for table `inscripciones`
--

DROP TABLE IF EXISTS `inscripciones`;
/*!40101 SET @saved_cs_client     = @@character_set_client */;
/*!50503 SET character_set_client = utf8mb4 */;
CREATE TABLE `inscripciones` (
  `id_inscripcion` int(11) NOT NULL,
  `id_estudiante` int(11) DEFAULT NULL,
  `id_materia` int(11) DEFAULT NULL,
  `calificacion` int(11) DEFAULT NULL,
  PRIMARY KEY (`id_inscripcion`),
  KEY `fk_inscripcion_materia` (`id_materia`),
  KEY `fk_inscripcion_personas` (`id_estudiante`),
  CONSTRAINT `fk_inscripcion_materia` FOREIGN KEY (`id_materia`) REFERENCES `materias` (`id_materia`),
  CONSTRAINT `fk_inscripcion_personas` FOREIGN KEY (`id_estudiante`) REFERENCES `personas` (`id_persona`),
  CONSTRAINT `chk_calificacion` CHECK (`calificacion` between 0 and 10)
) ENGINE=InnoDB DEFAULT CHARSET=utf8mb4 COLLATE=utf8mb4_spanish_ci;
/*!40101 SET character_set_client = @saved_cs_client */;

--
-- Dumping data for table `inscripciones`
--

LOCK TABLES `inscripciones` WRITE;
/*!40000 ALTER TABLE `inscripciones` DISABLE KEYS */;
INSERT INTO `inscripciones` VALUES (100,100,100,8),(101,100,101,9),(102,100,102,7),(103,100,103,8),(104,101,100,9),(105,101,101,9),(106,101,102,6),(107,101,103,8),(108,102,100,8),(109,102,101,8),(110,102,102,7),(111,102,103,8),(112,103,100,7),(113,103,101,7),(114,103,102,6),(115,103,103,7),(116,104,100,9),(117,104,101,9),(118,104,102,8),(119,104,103,9),(120,105,100,8),(121,105,101,8),(122,105,102,9),(123,105,103,8),(124,106,100,7),(125,106,101,7),(126,106,102,10),(127,106,103,7),(128,107,100,6),(129,107,101,6),(130,107,102,6),(131,107,103,9),(132,108,100,8),(133,108,101,8),(134,108,102,8),(135,108,103,8),(136,109,100,7),(137,109,101,7),(138,109,102,6),(139,109,103,7),(140,110,100,7),(141,110,101,8),(142,110,102,10),(143,110,103,6),(144,111,100,8),(145,111,101,8),(146,111,102,10),(147,111,103,5),(148,112,100,10),(149,112,101,9),(150,112,102,8),(151,112,103,9),(152,113,100,9),(153,113,101,9),(154,113,102,9),(155,113,103,10),(156,114,100,9),(157,114,101,9),(158,114,102,6),(159,114,103,9);
/*!40000 ALTER TABLE `inscripciones` ENABLE KEYS */;
UNLOCK TABLES;

--
-- Table structure for table `materias`
--

DROP TABLE IF EXISTS `materias`;
/*!40101 SET @saved_cs_client     = @@character_set_client */;
/*!50503 SET character_set_client = utf8mb4 */;
CREATE TABLE `materias` (
  `id_materia` int(11) NOT NULL,
  `descripcion` varchar(128) DEFAULT NULL,
  `semestre` int(11) DEFAULT NULL,
  `creditos` int(11) DEFAULT NULL,
  PRIMARY KEY (`id_materia`),
  CONSTRAINT `chk_semestre` CHECK (`semestre` between 1 and 10),
  CONSTRAINT `chk_creditos` CHECK (`creditos` > 0)
) ENGINE=InnoDB DEFAULT CHARSET=utf8mb4 COLLATE=utf8mb4_spanish_ci;
/*!40101 SET character_set_client = @saved_cs_client */;

--
-- Dumping data for table `materias`
--

LOCK TABLES `materias` WRITE;
/*!40000 ALTER TABLE `materias` DISABLE KEYS */;
INSERT INTO `materias` VALUES (100,'Gram├ítica',1,3),(101,'├üritm├®tica',1,4),(102,'Ecolog├¡a',1,3),(103,'Ingl├®s 1',1,3),(104,'Redacci├│n',2,3),(105,'Geometr├¡a',2,5),(106,'Biolog├¡a',2,3),(107,'Ingl├®s 2',2,4),(108,'Comprensi├│n lectora',3,4),(109,'├ülgebra',3,5),(110,'Qu├¡mica',3,3),(111,'Ingl├®s 3',3,3),(112,'Orientaci├│n vocacional',4,2),(113,'C├ílculo diferencial',4,5),(114,'F├¡sica',4,6),(115,'Ingl├®s 4',4,3),(116,'Filosof├¡a',5,3),(117,'C├ílculo integral',5,4),(118,'Inform├ítica',5,5),(119,'Ingl├®s 5',5,4),(120,'Psicolog├¡a',6,4),(121,'C├ílculo vectorial',6,5),(122,'Derecho',6,3),(123,'Ingl├®s 6',6,4);
/*!40000 ALTER TABLE `materias` ENABLE KEYS */;
UNLOCK TABLES;

--
-- Table structure for table `personas`
--

DROP TABLE IF EXISTS `personas`;
/*!40101 SET @saved_cs_client     = @@character_set_client */;
/*!50503 SET character_set_client = utf8mb4 */;
CREATE TABLE `personas` (
  `id_persona` int(11) NOT NULL,
  `nombre` varchar(64) DEFAULT NULL,
  `apellido` varchar(64) DEFAULT NULL,
  `sexo` char(1) DEFAULT NULL,
  `fh_nac` date DEFAULT NULL,
  `rol` int(11) DEFAULT NULL,
  PRIMARY KEY (`id_persona`),
  KEY `fk_personas_rol` (`rol`),
  CONSTRAINT `fk_personas_rol` FOREIGN KEY (`rol`) REFERENCES `rol` (`id_rol`)
) ENGINE=InnoDB DEFAULT CHARSET=utf8mb4 COLLATE=utf8mb4_spanish_ci;
/*!40101 SET character_set_client = @saved_cs_client */;

--
-- Dumping data for table `personas`
--

LOCK TABLES `personas` WRITE;
/*!40000 ALTER TABLE `personas` DISABLE KEYS */;
INSERT INTO `personas` VALUES (100,'Jos├®','Aguilar','H','1991-08-13',1),(101,'Carlos','Canepa','H','1990-09-14',1),(102,'Patricia','Fern├índez','M','1989-10-15',1),(103,'Hilda','Gonz├ílez','M','1992-07-06',1),(104,'Aldo','P├®rez','H','1991-06-30',1),(105,'Alex','Alvarado','H','1990-09-19',1),(106,'Sara','├üvila','M','1987-03-20',1),(107,'Nancy','Contreras','M','1988-04-01',1),(108,'Luc├¡a','Montalvo','M','1993-12-15',1),(109,'Paola','Bracho','M','1991-11-11',1),(110,'Arturo','Calvillo','H','1985-12-31',1),(111,'Luis','Guti├®rrez','H','1991-09-14',1),(112,'Mario','Rivero','H','1988-02-20',1),(113,'Paulina','Bracho','M','1980-01-28',1),(114,'Mario','Aburto','H','1989-10-07',1),(115,'H├®ctor','Garc├¡a','H','1977-10-14',2),(116,'Rolando','Menchaca','H','1975-09-09',2),(117,'Manuel','Estrada','H','1976-12-12',2),(118,'Maricela','Araujo','M','1960-01-01',2),(119,'Diana','Cano','M','1970-05-25',2),(120,'Luis','Fern├índez','H','1980-11-19',2),(121,'Erik','Ceballos','H','1970-08-18',3),(122,'Ver├│nica','Gallardo','M','1970-02-07',3),(123,'Lourdes','Rubio','M','1980-08-02',3),(124,'David','Rodr├¡guez','H','1990-08-16',4);
/*!40000 ALTER TABLE `personas` ENABLE KEYS */;
UNLOCK TABLES;

--
-- Table structure for table `rol`
--

DROP TABLE IF EXISTS `rol`;
/*!40101 SET @saved_cs_client     = @@character_set_client */;
/*!50503 SET character_set_client = utf8mb4 */;
CREATE TABLE `rol` (
  `id_rol` int(11) NOT NULL,
  `descripcion` varchar(32) DEFAULT NULL,
  PRIMARY KEY (`id_rol`)
) ENGINE=InnoDB DEFAULT CHARSET=utf8mb4 COLLATE=utf8mb4_spanish_ci;
/*!40101 SET character_set_client = @saved_cs_client */;

--
-- Dumping data for table `rol`
--

LOCK TABLES `rol` WRITE;
/*!40000 ALTER TABLE `rol` DISABLE KEYS */;
INSERT INTO `rol` VALUES (1,'Estudiante'),(2,'Profesor'),(3,'Administrativo'),(4,'Directivo');
/*!40000 ALTER TABLE `rol` ENABLE KEYS */;
UNLOCK TABLES;

--
-- Dumping routines for database 'db_escuela_full'
--
/*!50003 DROP PROCEDURE IF EXISTS `MIPROCEDURE` */;
/*!50003 SET @saved_cs_client      = @@character_set_client */ ;
/*!50003 SET @saved_cs_results     = @@character_set_results */ ;
/*!50003 SET @saved_col_connection = @@collation_connection */ ;
/*!50003 SET character_set_client  = utf8mb4 */ ;
/*!50003 SET character_set_results = utf8mb4 */ ;
/*!50003 SET collation_connection  = utf8mb4_general_ci */ ;
/*!50003 SET @saved_sql_mode       = @@sql_mode */ ;
/*!50003 SET sql_mode              = 'IGNORE_SPACE,STRICT_TRANS_TABLES,ERROR_FOR_DIVISION_BY_ZERO,NO_AUTO_CREATE_USER,NO_ENGINE_SUBSTITUTION' */ ;
DELIMITER ;;
CREATE DEFINER=`root`@`localhost` PROCEDURE `MIPROCEDURE`(inout numero INT, out mensaje VARCHAR(64))
begin 
	
    if numero > 0 then 
      set mensaje = 'Positivo';
    elseif numero < 0 then
      set mensaje = 'Negativo';
    else 
       set mensaje = 'Cero';
    end if;
    /*
	case numero
	  when numero > 0 then set mensaje = 'Positivo';
	  when numero < 0 then set mensaje = 'Negativo'; 
	  else set mensaje = 'Cero';
	end case;*/
   
   /*miciclo: loop
   	  set numero = numero + 1;
      if numero > 100 then
        leave miciclo;
      end if;
   end loop miciclo;*/
   
   while numero < 100 do
     set numero = numero + 1;
   end while;
   
   
end ;;
DELIMITER ;
/*!50003 SET sql_mode              = @saved_sql_mode */ ;
/*!50003 SET character_set_client  = @saved_cs_client */ ;
/*!50003 SET character_set_results = @saved_cs_results */ ;
/*!50003 SET collation_connection  = @saved_col_connection */ ;
/*!50003 DROP PROCEDURE IF EXISTS `recorrer` */;
/*!50003 SET @saved_cs_client      = @@character_set_client */ ;
/*!50003 SET @saved_cs_results     = @@character_set_results */ ;
/*!50003 SET @saved_col_connection = @@collation_connection */ ;
/*!50003 SET character_set_client  = utf8mb4 */ ;
/*!50003 SET character_set_results = utf8mb4 */ ;
/*!50003 SET collation_connection  = utf8mb4_general_ci */ ;
/*!50003 SET @saved_sql_mode       = @@sql_mode */ ;
/*!50003 SET sql_mode              = 'IGNORE_SPACE,STRICT_TRANS_TABLES,ERROR_FOR_DIVISION_BY_ZERO,NO_AUTO_CREATE_USER,NO_ENGINE_SUBSTITUTION' */ ;
DELIMITER ;;
CREATE DEFINER=`root`@`localhost` PROCEDURE `recorrer`()
begin 
	declare terminado int;
    declare tmp_nombre varchar(128);
    declare tmp_apellido varchar(128);
   declare micursor cursor for
   -- sentencia select que quieres recorrer
   select nombre, apellido from personas limit 0, 5;
  -- el handler detecta cuando no hay más filas por recorrer
  declare continue handler for not found set terminado = 1;
 
  set terminado = 0;
 
  -- abre el cursor
  open micursor;

  miciclo: loop
 	fetch micursor into tmp_nombre, tmp_apellido;
    select concat_ws(' ', tmp_apellido, tmp_nombre);
    if terminado then leave miciclo; end if;
  end loop;

  -- cierra el cursor
  close micursor;
 
    
end ;;
DELIMITER ;
/*!50003 SET sql_mode              = @saved_sql_mode */ ;
/*!50003 SET character_set_client  = @saved_cs_client */ ;
/*!50003 SET character_set_results = @saved_cs_results */ ;
/*!50003 SET collation_connection  = @saved_col_connection */ ;
/*!40103 SET TIME_ZONE=@OLD_TIME_ZONE */;

/*!40101 SET SQL_MODE=@OLD_SQL_MODE */;
/*!40014 SET FOREIGN_KEY_CHECKS=@OLD_FOREIGN_KEY_CHECKS */;
/*!40014 SET UNIQUE_CHECKS=@OLD_UNIQUE_CHECKS */;
/*!40101 SET CHARACTER_SET_CLIENT=@OLD_CHARACTER_SET_CLIENT */;
/*!40101 SET CHARACTER_SET_RESULTS=@OLD_CHARACTER_SET_RESULTS */;
/*!40101 SET COLLATION_CONNECTION=@OLD_COLLATION_CONNECTION */;
/*!40111 SET SQL_NOTES=@OLD_SQL_NOTES */;

-- Dump completed on 2025-09-01 14:06:52
